CREATE DATABASE  IF NOT EXISTS `LTW_dbv2` /*!40100 DEFAULT CHARACTER SET utf8mb4 COLLATE utf8mb4_unicode_ci */ /*!80016 DEFAULT ENCRYPTION='N' */;
USE `LTW_dbv2`;
-- MySQL dump 10.13  Distrib 8.0.43, for Win64 (x86_64)
--
-- Host: 127.0.0.1    Database: java_be_new
-- ------------------------------------------------------
-- Server version	9.4.0

/*!40101 SET @OLD_CHARACTER_SET_CLIENT=@@CHARACTER_SET_CLIENT */;
/*!40101 SET @OLD_CHARACTER_SET_RESULTS=@@CHARACTER_SET_RESULTS */;
/*!40101 SET @OLD_COLLATION_CONNECTION=@@COLLATION_CONNECTION */;
/*!50503 SET NAMES utf8 */;
/*!40103 SET @OLD_TIME_ZONE=@@TIME_ZONE */;
/*!40103 SET TIME_ZONE='+00:00' */;
/*!40014 SET @OLD_UNIQUE_CHECKS=@@UNIQUE_CHECKS, UNIQUE_CHECKS=0 */;
/*!40014 SET @OLD_FOREIGN_KEY_CHECKS=@@FOREIGN_KEY_CHECKS, FOREIGN_KEY_CHECKS=0 */;
/*!40101 SET @OLD_SQL_MODE=@@SQL_MODE, SQL_MODE='NO_AUTO_VALUE_ON_ZERO' */;
/*!40111 SET @OLD_SQL_NOTES=@@SQL_NOTES, SQL_NOTES=0 */;

--
-- Table structure for table `addresses`
--

DROP TABLE IF EXISTS `addresses`;
/*!40101 SET @saved_cs_client     = @@character_set_client */;
/*!50503 SET character_set_client = utf8mb4 */;
CREATE TABLE `addresses` (
  `address_id` int NOT NULL AUTO_INCREMENT,
  `city` varchar(255) NOT NULL,
  `is_default` bit(1) DEFAULT NULL,
  `street` varchar(255) NOT NULL,
  `ward` varchar(255) NOT NULL,
  `user_id` int NOT NULL,
  PRIMARY KEY (`address_id`),
  KEY `FK1fa36y2oqhao3wgg2rw1pi459` (`user_id`),
  CONSTRAINT `FK1fa36y2oqhao3wgg2rw1pi459` FOREIGN KEY (`user_id`) REFERENCES `users` (`user_id`)
) ENGINE=InnoDB AUTO_INCREMENT=35 DEFAULT CHARSET=utf8mb4 COLLATE=utf8mb4_0900_ai_ci;
/*!40101 SET character_set_client = @saved_cs_client */;

--
-- Dumping data for table `addresses`
--

LOCK TABLES `addresses` WRITE;
/*!40000 ALTER TABLE `addresses` DISABLE KEYS */;
INSERT INTO `addresses` VALUES (1,'Quận 1',_binary '\0','123 Đường ABC','Phường XYZ',1),(2,'Quận 36',_binary '','Đường số 2','Phường XYZ',1),(3,'Quận 36',_binary '\0','Đường số 3','Phường XYZ',1),(11,'Quận order',_binary '\0','Đường Ao sen','Phường Mặc định',6),(15,'Quận 7',_binary '\0','Đường số 3','Phường số 2',6),(16,'Quận 2',_binary '','Đây là Nhà Tuấn','Phường 123',4),(18,'jhgfdsa',_binary '\0','987654','987654',6),(19,'Quận Thanh Xuân',_binary '','109 C21 Nguyễn Quý Đức','Thanh Xuân Bắc',2),(20,'uyt',_binary '','8765','iuyt',9),(21,'ưegfw',_binary '\0','iuwghf','ewgfw',12),(22,'h',_binary '','uytytyy','h',13),(23,'36',_binary '','36','36',12),(24,'36',_binary '','36','bsjsb',15),(25,'tp Bắc Ninh',_binary '','đường số 3','phường kinh bắc',17),(26,'36',_binary '','Cầu Giấy','36',16),(27,'Quận Bắc Từ Liêm',_binary '','Phú Diễn','Phú Diễn',18),(28,'34',_binary '','3','xyz',14),(29,'z',_binary '','x','yz',19),(30,'re',_binary '','tr','re',10),(31,'6',_binary '','987','76',20),(32,'132',_binary '','3','dfdf',21),(33,'1',_binary '','abc','xyz',22),(34,'Hà Đông',_binary '','Số 219 Ngõ 8, Ao Sen','Mộ Lao',6);
/*!40000 ALTER TABLE `addresses` ENABLE KEYS */;
UNLOCK TABLES;

--
-- Table structure for table `cart`
--

DROP TABLE IF EXISTS `cart`;
/*!40101 SET @saved_cs_client     = @@character_set_client */;
/*!50503 SET character_set_client = utf8mb4 */;
CREATE TABLE `cart` (
  `cart_id` int NOT NULL AUTO_INCREMENT,
  `created_at` datetime(6) DEFAULT NULL,
  `quantity` int NOT NULL,
  `updated_at` datetime(6) DEFAULT NULL,
  `variation_id` int NOT NULL,
  `user_id` int NOT NULL,
  PRIMARY KEY (`cart_id`),
  UNIQUE KEY `unique_user_variation` (`user_id`,`variation_id`),
  KEY `idx_user_id` (`user_id`),
  KEY `idx_variation_id` (`variation_id`),
  CONSTRAINT `FKafc2ca7swivgjpe6t80x6oyox` FOREIGN KEY (`variation_id`) REFERENCES `product_variation` (`variation_id`),
  CONSTRAINT `FKg5uhi8vpsuy0lgloxk2h4w5o6` FOREIGN KEY (`user_id`) REFERENCES `users` (`user_id`)
) ENGINE=InnoDB AUTO_INCREMENT=54 DEFAULT CHARSET=utf8mb4 COLLATE=utf8mb4_0900_ai_ci;
/*!40101 SET character_set_client = @saved_cs_client */;

--
-- Dumping data for table `cart`
--

LOCK TABLES `cart` WRITE;
/*!40000 ALTER TABLE `cart` DISABLE KEYS */;
INSERT INTO `cart` VALUES (3,'2025-11-22 01:16:23.101713',1,'2025-11-22 01:16:23.101736',189,12),(27,'2025-11-24 12:40:38.586304',1,'2025-11-24 12:40:38.586322',207,18),(28,'2025-11-24 12:40:56.941865',1,'2025-11-24 12:40:56.941884',211,18),(34,'2025-11-24 18:31:26.269640',1,'2025-11-24 18:31:26.269661',206,6),(35,'2025-11-24 18:31:27.487126',1,'2025-11-24 18:31:27.487148',207,6);
/*!40000 ALTER TABLE `cart` ENABLE KEYS */;
UNLOCK TABLES;

--
-- Table structure for table `category`
--

DROP TABLE IF EXISTS `category`;
/*!40101 SET @saved_cs_client     = @@character_set_client */;
/*!50503 SET character_set_client = utf8mb4 */;
CREATE TABLE `category` (
  `category_id` int NOT NULL AUTO_INCREMENT,
  `image_public_id` varchar(255) DEFAULT NULL,
  `image_url` varchar(255) DEFAULT NULL,
  `name` varchar(255) DEFAULT NULL,
  `parent_id` int DEFAULT NULL,
  PRIMARY KEY (`category_id`)
) ENGINE=InnoDB AUTO_INCREMENT=17 DEFAULT CHARSET=utf8mb4 COLLATE=utf8mb4_0900_ai_ci;
/*!40101 SET character_set_client = @saved_cs_client */;

--
-- Dumping data for table `category`
--

LOCK TABLES `category` WRITE;
/*!40000 ALTER TABLE `category` DISABLE KEYS */;
INSERT INTO `category` VALUES (1,'https://res.cloudinary.com/de8vli4dk/image/upload/v1762238181/my-app/images/products/0b7c44b2-19f7-4522-b308-a9bd6d49f409_Nam.png','https://res.cloudinary.com/de8vli4dk/image/upload/v1762238181/my-app/images/products/0b7c44b2-19f7-4522-b308-a9bd6d49f409_Nam.png','Nam',0),(2,'https://res.cloudinary.com/de8vli4dk/image/upload/v1762238241/my-app/images/products/fbb1df07-93da-4279-9fd6-e02b314fbd92_Cate%20Nam%20polo.png','https://res.cloudinary.com/de8vli4dk/image/upload/v1762238241/my-app/images/products/fbb1df07-93da-4279-9fd6-e02b314fbd92_Cate%20Nam%20polo.png','Polo nam',1),(3,'https://res.cloudinary.com/de8vli4dk/image/upload/v1762238292/my-app/images/products/af842c2a-9ca4-4efc-a345-5e483012f59a_N%E1%BB%AF.jpg','https://res.cloudinary.com/de8vli4dk/image/upload/v1762238292/my-app/images/products/af842c2a-9ca4-4efc-a345-5e483012f59a_N%E1%BB%AF.jpg','Nữ',0),(4,'https://res.cloudinary.com/de8vli4dk/image/upload/v1762239109/my-app/images/products/09a9c784-d87e-4173-b93c-4dfafcb7d002_cate%20s%C6%A1%20mi.jpg','https://res.cloudinary.com/de8vli4dk/image/upload/v1762239109/my-app/images/products/09a9c784-d87e-4173-b93c-4dfafcb7d002_cate%20s%C6%A1%20mi.jpg','Sơ mi Nam',1),(5,'https://res.cloudinary.com/de8vli4dk/image/upload/v1762241362/my-app/images/products/1447b6b3-e4a6-47fe-acad-207900d43e39_Banner.jpg','https://res.cloudinary.com/de8vli4dk/image/upload/v1762241736/my-app/images/products/6d018af3-9632-49fc-8fc4-2a32b04cf284_Banner.jpg','Áo Khoác Nữ',3),(6,'https://res.cloudinary.com/de8vli4dk/image/upload/v1762244856/my-app/images/products/64dd78b0-0940-4c50-9d07-f755d2bd400b_Banner.jpg','https://res.cloudinary.com/de8vli4dk/image/upload/v1762244856/my-app/images/products/64dd78b0-0940-4c50-9d07-f755d2bd400b_Banner.jpg','Áo Phông',3),(7,'https://res.cloudinary.com/de8vli4dk/image/upload/v1762244941/my-app/images/products/b16f94fe-8510-4e59-8495-5ac945f8f1aa_Banner.jpg','https://res.cloudinary.com/de8vli4dk/image/upload/v1762244941/my-app/images/products/b16f94fe-8510-4e59-8495-5ac945f8f1aa_Banner.jpg','Áo Polo nữ',3),(8,'https://res.cloudinary.com/de8vli4dk/image/upload/v1762244980/my-app/images/products/31bf0566-2caa-4856-ba2c-70f82fc89891_banner.png','https://res.cloudinary.com/de8vli4dk/image/upload/v1762244980/my-app/images/products/31bf0566-2caa-4856-ba2c-70f82fc89891_banner.png','Áo sơ mi',3),(9,NULL,'https://res.cloudinary.com/de8vli4dk/image/upload/v1762245016/my-app/images/products/45445a9b-c1b7-4760-bd15-81b80a2d58b2_banner.png','Quần âu',3),(10,'https://res.cloudinary.com/de8vli4dk/image/upload/v1762245070/my-app/images/products/fb685c9f-5494-4b89-acd2-a1e2593e087c_banner.jpg','https://res.cloudinary.com/de8vli4dk/image/upload/v1762245070/my-app/images/products/fb685c9f-5494-4b89-acd2-a1e2593e087c_banner.jpg','Quần Jeans',3),(13,'https://res.cloudinary.com/de8vli4dk/image/upload/v1763663918/my-app/images/products/bb330239-d01d-4b54-9f4b-10aa7456947a_khoac.jpg','https://res.cloudinary.com/de8vli4dk/image/upload/v1763663918/my-app/images/products/bb330239-d01d-4b54-9f4b-10aa7456947a_khoac.jpg','Áo khoác',1),(14,'https://res.cloudinary.com/de8vli4dk/image/upload/v1763664983/my-app/images/products/2be34f3d-80f6-48a7-9692-a205e8651796_qu%C3%A2n.jpg','https://res.cloudinary.com/de8vli4dk/image/upload/v1763664983/my-app/images/products/2be34f3d-80f6-48a7-9692-a205e8651796_qu%C3%A2n.jpg','Quần short',1),(15,'https://res.cloudinary.com/de8vli4dk/image/upload/v1764059067/my-app/images/products/092a04b3-cf03-4fe1-96a7-951fcc171674_thun.jpg','https://res.cloudinary.com/de8vli4dk/image/upload/v1764059067/my-app/images/products/092a04b3-cf03-4fe1-96a7-951fcc171674_thun.jpg','Áo Thun',1),(16,'https://res.cloudinary.com/de8vli4dk/image/upload/v1764059599/my-app/images/products/9745b70d-3e9a-48ef-86d4-7404ce584f51_quantay.jpg','https://res.cloudinary.com/de8vli4dk/image/upload/v1764059599/my-app/images/products/9745b70d-3e9a-48ef-86d4-7404ce584f51_quantay.jpg','Quần tây',1);
/*!40000 ALTER TABLE `category` ENABLE KEYS */;
UNLOCK TABLES;

--
-- Table structure for table `conversation`
--

DROP TABLE IF EXISTS `conversation`;
/*!40101 SET @saved_cs_client     = @@character_set_client */;
/*!50503 SET character_set_client = utf8mb4 */;
CREATE TABLE `conversation` (
  `conversation_id` int NOT NULL AUTO_INCREMENT,
  `created_at` datetime(6) DEFAULT NULL,
  `last_message` varchar(255) DEFAULT NULL,
  `updated_at` datetime(6) DEFAULT NULL,
  `admin_id` int NOT NULL,
  `user_id` int NOT NULL,
  PRIMARY KEY (`conversation_id`),
  KEY `FK9j5bmm1vdc7c6re4cylqtwb2v` (`admin_id`),
  KEY `FK2mujf02uwjbhkqqffyyfjj5xy` (`user_id`),
  CONSTRAINT `FK2mujf02uwjbhkqqffyyfjj5xy` FOREIGN KEY (`user_id`) REFERENCES `users` (`user_id`),
  CONSTRAINT `FK9j5bmm1vdc7c6re4cylqtwb2v` FOREIGN KEY (`admin_id`) REFERENCES `users` (`user_id`)
) ENGINE=InnoDB AUTO_INCREMENT=20 DEFAULT CHARSET=utf8mb4 COLLATE=utf8mb4_0900_ai_ci;
/*!40101 SET character_set_client = @saved_cs_client */;

--
-- Dumping data for table `conversation`
--

LOCK TABLES `conversation` WRITE;
/*!40000 ALTER TABLE `conversation` DISABLE KEYS */;
INSERT INTO `conversation` VALUES (3,'2025-11-03 18:25:46.820451','alo','2025-11-16 08:36:08.680469',1,2),(5,'2025-11-03 18:42:17.182546','alo','2025-11-16 07:11:14.029328',1,3),(6,'2025-11-04 16:55:19.715473','lô','2025-11-04 17:19:48.179662',1,1),(8,'2025-11-15 00:25:24.207336','Khách hỏi đi ạ :v','2026-01-12 22:45:27.707117',1,6),(9,'2025-11-17 01:49:22.525001','đi đánh ghen sao mặc áo phông','2025-11-17 01:51:31.815739',1,7),(10,'2025-11-17 04:40:23.229329','lô','2025-11-20 16:13:27.927158',1,8),(11,'2025-11-18 16:55:19.232158',NULL,'2025-11-18 16:55:19.232196',1,9),(12,'2025-11-18 16:55:36.104960',NULL,'2025-11-18 16:55:36.104975',1,11),(13,'2025-11-18 18:01:51.902243','thông báo đẩy là gì?','2025-11-25 14:14:43.295420',1,12),(14,'2025-11-19 03:36:52.085787','Aloo','2025-11-19 03:38:10.481804',1,13),(15,'2025-11-20 15:30:01.538723','oke','2025-11-24 15:04:22.343952',1,14),(16,'2025-11-24 12:37:44.370200','oke bạn','2025-11-24 12:41:39.643787',1,17),(17,'2025-11-24 12:40:33.121285','Ủa ai z','2025-11-26 01:02:51.890603',1,16),(18,'2025-11-25 16:25:30.636354','Hêlo','2025-11-25 22:55:03.106369',1,19),(19,'2025-11-25 20:21:56.767144',NULL,'2025-11-25 20:21:56.767177',1,21);
/*!40000 ALTER TABLE `conversation` ENABLE KEYS */;
UNLOCK TABLES;

--
-- Table structure for table `feedback`
--

DROP TABLE IF EXISTS `feedback`;
/*!40101 SET @saved_cs_client     = @@character_set_client */;
/*!50503 SET character_set_client = utf8mb4 */;
CREATE TABLE `feedback` (
  `id` int NOT NULL AUTO_INCREMENT,
  `created_at` datetime(6) DEFAULT NULL,
  `note` text,
  `rating` int DEFAULT NULL,
  `product_id` int NOT NULL,
  `user_id` int NOT NULL,
  PRIMARY KEY (`id`),
  KEY `idx_product_id` (`product_id`),
  KEY `idx_user_id` (`user_id`),
  KEY `idx_created_at` (`created_at`),
  CONSTRAINT `FKlsfunb44jdljfmbx4un8s4waa` FOREIGN KEY (`product_id`) REFERENCES `product` (`product_id`),
  CONSTRAINT `FKpwwmhguqianghvi1wohmtsm8l` FOREIGN KEY (`user_id`) REFERENCES `users` (`user_id`)
) ENGINE=InnoDB AUTO_INCREMENT=22 DEFAULT CHARSET=utf8mb4 COLLATE=utf8mb4_0900_ai_ci;
/*!40101 SET character_set_client = @saved_cs_client */;

--
-- Dumping data for table `feedback`
--

LOCK TABLES `feedback` WRITE;
/*!40000 ALTER TABLE `feedback` DISABLE KEYS */;
INSERT INTO `feedback` VALUES (2,'2025-11-18 02:48:28.684427','Hay',5,5,2),(3,'2025-11-18 03:48:59.155741','do dep',4,4,2),(4,'2025-11-18 16:53:04.464544','Tôi là admin',4,7,1),(6,'2025-11-18 18:04:49.927480','liwhergoi',2,10,12),(7,'2025-11-18 18:06:41.557218','ẻthetrue56u',1,7,12),(8,'2025-11-20 15:01:00.542007','eo',2,3,1),(10,'2025-11-21 01:24:37.697324','fds',5,7,6),(13,'2025-11-24 15:45:24.963442','đẹp vl',4,35,2),(14,'2025-11-24 16:05:59.293383','10đ',5,30,2),(15,'2025-11-24 16:06:05.470000','nice xừ',5,32,2),(16,'2025-11-24 16:10:57.270012','10đ',5,31,2),(17,'2025-11-25 16:29:07.448177','hơi nhỏ mặc dù đã đặt size M',5,10,19),(18,'2025-11-25 16:29:20.648198','rộng cạp',5,35,19),(19,'2025-11-25 20:24:39.515425','đẹp lém',3,44,21),(20,'2025-11-28 01:02:32.715924','Đồ tốt',5,45,19),(21,'2025-11-28 01:02:43.992449','Hơi dài',3,44,19);
/*!40000 ALTER TABLE `feedback` ENABLE KEYS */;
UNLOCK TABLES;

--
-- Table structure for table `invalidated_token`
--

DROP TABLE IF EXISTS `invalidated_token`;
/*!40101 SET @saved_cs_client     = @@character_set_client */;
/*!50503 SET character_set_client = utf8mb4 */;
CREATE TABLE `invalidated_token` (
  `id` varchar(255) NOT NULL,
  `expiry_time` datetime(6) DEFAULT NULL,
  PRIMARY KEY (`id`)
) ENGINE=InnoDB DEFAULT CHARSET=utf8mb4 COLLATE=utf8mb4_0900_ai_ci;
/*!40101 SET character_set_client = @saved_cs_client */;

--
-- Dumping data for table `invalidated_token`
--

LOCK TABLES `invalidated_token` WRITE;
/*!40000 ALTER TABLE `invalidated_token` DISABLE KEYS */;
INSERT INTO `invalidated_token` VALUES ('00f49ca3-e5eb-4daf-ae7d-c8c1fef69ad1','2025-11-24 20:05:31.000000'),('0105d9e1-9e59-4c9a-8de6-c22c698f0906','2025-11-18 18:38:14.000000'),('012b8b7d-74fb-4e39-a024-465c7652e746','2025-11-25 15:25:00.000000'),('02ed6bd8-9a87-4bd5-9631-102b975a0663','2025-11-24 17:29:53.000000'),('039fdef3-6c68-4ca9-8990-e4bb4a2023df','2025-11-20 17:55:29.000000'),('04590297-8eaa-4a72-989e-309ca0616773','2025-11-25 16:02:02.000000'),('04a5a6c0-13cb-4061-95e6-363eb1dc2977','2025-11-24 12:56:08.000000'),('0603ff3e-f803-4102-ade8-096e6dd05a3e','2025-11-18 17:42:59.000000'),('07bed93a-7985-49ae-b8e6-df6bbc5bef4d','2026-01-12 20:59:11.000000'),('08a72626-a253-4336-8054-ff31d9b0bd8d','2025-11-24 16:01:55.000000'),('08e98ff8-ea79-4fc4-830f-e8641e0b333b','2025-11-24 20:04:54.000000'),('0a017cbd-4bdb-412e-8347-2d57273a2314','2025-11-17 05:41:41.000000'),('0ab20d84-70ba-42a3-b2f5-735a86d9ca23','2025-11-22 22:36:39.000000'),('0b24f641-63dc-4ba2-9037-c61f432d3376','2025-11-18 17:42:00.000000'),('0b7b5607-7a61-48f4-82f4-39a6062086ab','2025-11-25 16:05:28.000000'),('0ec0bc8c-07ae-468c-ac08-7e3f69a72afb','2025-11-25 01:33:55.000000'),('110c84ad-0603-4ffb-b649-f2b1c79d3594','2025-11-24 16:05:17.000000'),('1179c2fb-a777-4e61-bd37-541d293e05e5','2025-11-25 00:13:48.000000'),('118a342a-4699-4b06-b879-54a22aff376b','2025-11-20 16:00:36.000000'),('11a43963-7335-47ef-a880-30a2818de22f','2025-11-24 01:04:23.000000'),('133c9602-e2a0-4373-b4ec-cb6fc66e6f79','2025-11-27 02:52:21.000000'),('145f6c7c-70d7-49ee-a51a-bf325a5c304b','2025-11-25 15:08:59.000000'),('1523031b-85ec-4771-a8d2-7f861e5491a9','2025-11-16 10:40:26.000000'),('16c7ca22-952e-4145-aa72-66df47c217ec','2025-11-20 01:10:32.000000'),('1701f4f7-288e-4e44-9ea4-0044fbdd4557','2025-11-18 16:48:55.000000'),('17d700e9-e75e-4c1f-8d15-2b77edac403d','2025-11-27 03:22:19.000000'),('18308762-fb1a-4dcb-afc2-2864544acf32','2025-11-19 18:07:55.000000'),('18d18cc6-1658-4a6b-9399-1aeff0948be3','2025-11-18 05:35:00.000000'),('1a97fee9-05f7-4f08-8874-f89fc56de254','2025-11-28 02:03:50.000000'),('1d28e695-2d13-4054-880a-5e99cd57ed57','2025-11-26 16:38:37.000000'),('214689db-6703-4c6e-8501-24cf10e75bf5','2025-11-24 23:44:59.000000'),('2555735a-4618-4070-a8f6-e6704c73ebcf','2025-11-25 14:49:39.000000'),('25c830a7-fb84-4b19-9167-bc93313f6dd9','2025-11-22 19:22:28.000000'),('275ada80-9b82-418a-93c5-85c8acd3e2be','2025-11-24 13:13:43.000000'),('27f937d3-5650-40ca-9a47-5ba7d45381ae','2025-11-25 23:19:34.000000'),('28294de7-c203-43f4-abf5-8c5b548a8b36','2025-11-18 17:55:45.000000'),('2aee7951-43c7-42cc-9073-fbf4fcd19606','2025-11-18 15:46:47.000000'),('2d5d8ba2-a5ec-4d59-b0e6-c97a3d9cb64c','2025-11-24 17:34:34.000000'),('30182a4b-b046-424e-94ee-acd85b97a884','2025-11-26 12:33:52.000000'),('316fcc81-7c5a-412d-b42f-5eec5d77bb48','2025-11-17 08:08:58.000000'),('328dc07d-b887-4b73-b95f-7549698aa456','2025-11-24 16:37:42.000000'),('343c1e06-a7c0-4e5a-912b-69feb625eaa0','2025-11-19 18:08:31.000000'),('35165fe6-12e8-42ba-b353-33e29447c92c','2025-11-16 10:16:17.000000'),('352e9392-1155-4746-8694-123c64e96d20','2025-11-24 13:27:57.000000'),('356e5199-629e-4091-bc1c-544d76f44d19','2025-11-18 16:04:56.000000'),('364b4e02-1107-4371-9c78-cec5109c62e2','2025-11-25 13:54:39.000000'),('37b79065-d1f9-42b6-9110-b7c5b54451d2','2025-11-20 02:36:15.000000'),('38f1d525-2b4f-4211-b2d5-6ac9e6293bb3','2025-11-18 17:20:59.000000'),('3984aea3-364a-4f15-87ff-6e8238109c37','2025-11-24 16:48:51.000000'),('3a19a550-cd0a-4459-b2f5-38866d0dbff7','2025-11-24 17:39:39.000000'),('3b3e1b88-1b20-4c8e-93e0-67c335d4d707','2025-11-25 14:27:23.000000'),('3b67b39e-9971-4055-8f44-4f5a2cadedf8','2025-11-17 10:22:26.000000'),('3b8c0d1a-7a7e-4c9e-a153-c79edafc96a1','2025-11-20 17:12:57.000000'),('3cf24859-2803-44c0-b6bc-90f63d04689a','2025-11-24 01:23:22.000000'),('3d562a10-2142-4cd5-847f-c0c10a6852a2','2025-11-21 01:19:06.000000'),('3eae495c-6b82-4366-93b1-fb440e2d3435','2025-11-23 19:04:38.000000'),('3f5024fd-b718-4d32-9231-9821072aafe6','2025-11-18 15:38:32.000000'),('406ea9fb-126b-49cd-8266-92db618598ba','2025-11-23 16:08:35.000000'),('4305665d-25cf-48f7-97da-f2eb3c3ba309','2025-11-18 17:55:42.000000'),('443de502-46cd-4360-b079-9b7723c565a8','2025-11-25 01:19:29.000000'),('445db867-0afd-4773-a643-1fbe3912539e','2025-11-18 05:46:46.000000'),('45529ac3-012a-45cf-8f47-a0ddf5439a0b','2025-11-24 16:59:22.000000'),('46e3c9a0-2984-421f-b78c-c7ef53a7fda6','2025-11-25 01:49:01.000000'),('47558f73-7017-4674-af59-78440695ac37','2025-11-18 18:29:55.000000'),('48400a2e-64ea-47c3-8e26-00b3625a2492','2025-11-20 02:11:13.000000'),('494a169b-8dd4-4cab-96c8-1aa247db7ac7','2025-11-24 19:17:34.000000'),('4c108864-7208-435d-bb25-0a62dfc02572','2025-11-16 10:35:18.000000'),('4cfe4050-5a7b-4cb5-a642-8ef66532866e','2025-11-22 19:21:56.000000'),('4dc31c37-9cde-4858-ac88-489933d5decc','2025-11-21 01:55:59.000000'),('552c2eb4-7a1a-4a06-bb00-19410f3788a1','2025-11-26 15:52:37.000000'),('56dfa3db-4f4a-4ab1-aa6e-facbb6790906','2025-11-18 17:27:18.000000'),('58b65733-3372-4a41-9b49-ae7f1f934397','2025-11-25 17:25:29.000000'),('5c79458e-a049-4271-8449-ac158c65a590','2025-11-17 02:50:02.000000'),('5cd49364-4c72-4826-8c9b-5fd4f2357b37','2025-11-27 03:21:39.000000'),('5d0af0d0-de51-45e3-b07d-7e3eb4b9dd49','2025-11-26 13:17:23.000000'),('5d697c2d-8888-4edb-814f-b8382ec5deb9','2025-11-24 16:19:37.000000'),('5fea6470-19cf-49ad-9b61-ff10c39a8d7e','2025-11-16 10:41:59.000000'),('607ee0c9-02a6-4896-ada2-f46cd11a7565','2025-11-22 21:51:41.000000'),('60f4c0ab-689d-413c-ba81-cf5a31d96a3c','2025-11-25 15:45:54.000000'),('61c80336-b3cb-4544-a4b3-7a90b126049d','2025-11-20 02:10:34.000000'),('6246b0ae-dc9c-4317-9b4d-8fa6d3acf745','2025-11-25 00:49:35.000000'),('644b3f8a-ab05-47a4-bae4-dcb0e977eea3','2025-11-24 16:37:11.000000'),('64b38cf3-08c6-4940-8ccd-2bf96793c11f','2025-11-25 16:45:13.000000'),('64d36c11-16da-4f56-a0be-253625675624','2025-11-24 10:32:42.000000'),('6600c2dd-779b-4dea-abdb-de77ddc0d54f','2025-11-25 21:03:17.000000'),('667235fa-60cc-43ef-89a8-7d0726bed604','2025-11-18 16:06:00.000000'),('67423fdb-e891-4354-8521-76c853ad0ea2','2025-11-25 15:12:11.000000'),('67c2512f-ec0c-4508-ad0b-af234991fe68','2025-11-24 15:57:19.000000'),('688fdbfc-370f-480e-8216-b4c25d81f6e6','2025-11-24 12:26:12.000000'),('692137ff-c868-4810-b6f3-e0fc82bf4554','2025-11-24 19:51:06.000000'),('695b4d1e-331f-4eef-a98a-633ee110934e','2025-11-22 19:04:54.000000'),('6c4de1c0-efe5-4656-b0c9-8650d508f03f','2025-11-25 22:46:07.000000'),('6db6059d-8a66-40b7-965f-5b150b6f6d6c','2025-11-25 23:27:56.000000'),('7008e986-7436-4809-98bd-edf05e30cece','2025-11-16 10:36:23.000000'),('730917ef-6e26-4f99-bebb-85e81d8a34ed','2025-11-16 10:37:53.000000'),('73f32315-0fc4-41bc-8a6c-fc0094e795b9','2025-11-28 02:00:45.000000'),('751ea70d-0ab3-4eec-aa90-5e331670cb7d','2025-11-18 10:38:19.000000'),('7576ad94-1ee1-4fd6-9852-ea8ebf5c9533','2025-11-26 14:02:43.000000'),('759fd2f7-e667-48e7-9840-1c724fc71bca','2025-11-16 10:34:02.000000'),('77a1b43c-f1ab-4c88-8d1a-c4f08dbfb1f4','2025-11-18 08:52:15.000000'),('781ea751-17be-4796-9120-38df8519638f','2025-11-25 00:55:43.000000'),('7c5b7f72-4807-46fe-bd95-e68776572f36','2025-11-21 01:41:05.000000'),('7e2c05c8-16a8-4431-b9ff-a036762b92b8','2025-11-27 00:22:43.000000'),('7f147743-2ff0-44f3-9051-9d977eb41adc','2025-11-20 17:54:19.000000'),('8103f942-adab-4b20-861e-12a9cb91cb50','2025-11-21 02:23:20.000000'),('814081bb-1426-4a8c-812f-13e1f57c855a','2025-11-24 19:13:19.000000'),('81fc3498-383b-4f6e-87ca-720b61fa4444','2025-11-25 14:25:02.000000'),('8327fedf-b190-4677-9e5d-91314b0cb3ff','2025-11-18 17:00:01.000000'),('8bbf7dd4-5392-4cb8-a7a8-e992d4c6cf12','2025-11-24 15:44:20.000000'),('8c62fd6b-1645-4ddc-a2c0-be162bb272fc','2025-11-26 01:11:32.000000'),('8d4f7834-7019-483b-a9fb-cb5f51d49aca','2025-11-25 17:02:04.000000'),('8e953f1b-68b8-40f6-a663-597ade8a2392','2025-11-24 18:51:12.000000'),('8fecfedb-a2e5-41f0-920f-ff74a3aae531','2025-11-24 13:27:25.000000'),('9003743a-b929-4a3a-afe7-7ef0f5bdabae','2025-11-23 19:37:22.000000'),('90996dd4-8668-4079-abef-042e104ec488','2025-11-26 12:32:30.000000'),('91054991-3581-47ca-9d3e-b01c1fd7530f','2025-11-24 15:14:03.000000'),('91e4a7a3-0463-461d-b6e5-1f042873979b','2025-11-25 15:00:13.000000'),('9289fff7-ae2e-4592-bcdb-d6ff70bad080','2025-11-23 01:42:08.000000'),('92d3a4d3-3fde-41a2-980c-ddc6c65217c3','2025-11-25 16:15:25.000000'),('9317a84e-d6db-45d0-a163-a2a9bed4a060','2025-11-17 10:21:59.000000'),('94217410-ddef-48f2-aa55-e52dc7921091','2026-01-12 23:39:16.000000'),('95b0f2ff-b570-4678-b72d-35fcb603bd8e','2025-11-25 15:11:00.000000'),('9711328a-9e77-4b66-b306-3793e9412aec','2025-11-16 10:21:21.000000'),('9757faa6-bc82-45fe-9cd2-874b71bf6d5f','2025-11-17 10:08:14.000000'),('97f505cb-802f-4434-bd9a-3203f68dc4c8','2025-11-24 16:26:04.000000'),('9810683c-2f87-45a2-812b-b7b11a0c0611','2025-11-20 16:29:08.000000'),('99f5ce08-3cbd-47b5-97f7-c252a5d875c5','2025-11-17 10:48:49.000000'),('9b3de258-da69-4bf4-aafb-c908105dbd41','2025-11-25 21:21:51.000000'),('9c8fc261-e279-497f-80aa-f0e241f18caf','2025-11-25 02:38:45.000000'),('9ca06412-4b85-413a-bf99-524784aee253','2025-11-18 17:55:15.000000'),('9d91e572-974b-4478-be8e-1bbe20e4bd1d','2025-11-24 12:48:11.000000'),('9da5a11b-8236-4b3d-9e7d-41c9b28f20cf','2025-11-16 10:20:25.000000'),('9daf54af-4a77-4dd1-a441-a4441d4ffd47','2025-11-28 01:46:40.000000'),('9e5de495-52c1-4890-993e-608eccb0d900','2025-11-23 16:26:33.000000'),('9eb5df3a-cfb9-4de9-9dc2-aab7047b45f4','2025-11-25 18:24:33.000000'),('9eff5851-4835-44d5-a0b8-c35fb3fa96b7','2025-11-24 20:05:11.000000'),('9f155bb2-5d91-42d6-bbc2-135be16fe204','2025-11-24 10:38:02.000000'),('a1af6031-9363-4970-9f59-70b3b6f61936','2025-11-25 17:52:46.000000'),('a1e00e5b-70c4-4dc7-88d0-2b9c47ee4292','2025-11-24 12:25:56.000000'),('a22b346c-e975-48c5-914b-e41e36c75f18','2025-11-24 22:55:04.000000'),('a2ad0459-0b66-4efd-8be8-63e3d1aa9f65','2025-11-26 17:55:52.000000'),('a4b37010-f139-417b-9e7e-246f2c560ba0','2025-11-24 13:26:25.000000'),('a56ff5fb-cce6-4dc9-853a-30a8e2dc565d','2025-11-23 19:21:06.000000'),('a5d9f4ab-c770-485e-8e78-38fd57912cb4','2025-11-27 03:29:36.000000'),('a628ac0c-e1e5-4042-8656-b1b4cda77a1d','2025-11-25 00:57:30.000000'),('a6d5c854-0c5b-4baa-a3fd-3e4c43dc706f','2025-11-17 09:01:15.000000'),('a96cdaa1-fbce-452e-a1a2-537dcc63b3a1','2025-11-27 03:30:10.000000'),('aa547f94-aaf0-4084-a9b7-fcdd97563067','2025-11-17 05:44:04.000000'),('ab7371af-6bad-4098-b8d4-deb30a6e2547','2025-11-25 11:53:03.000000'),('ab9b1fd7-ebf1-4601-a950-4d5e18b83c06','2025-11-28 01:58:29.000000'),('ad945964-ce84-4aac-8739-1f4a253af5be','2025-11-18 09:22:44.000000'),('ae11b7ea-6212-4616-b19c-37c361ce042f','2025-11-17 05:42:36.000000'),('aed35d53-0b06-49e7-b2a6-254a8159bb0e','2025-11-25 00:51:07.000000'),('afbdbb28-c914-41bc-a40e-3b3bb2e4142a','2025-11-27 03:35:16.000000'),('b0ff901a-3349-4657-b9f4-7adf768bdb11','2025-11-24 17:36:49.000000'),('b11dec7f-dc3b-4997-9355-7468b9edbdb8','2025-11-20 03:06:34.000000'),('b20a23ae-2131-4133-9af3-1b5a917392f0','2025-11-24 17:05:17.000000'),('b271b80e-6def-4f81-a8c4-f6fe96b7157a','2025-11-24 18:13:18.000000'),('b2a6cc56-51dd-484f-8ff8-ce9b58d35898','2025-11-11 11:05:38.000000'),('b42d5579-9ffe-4aad-ab13-5bdb6d8e53fc','2025-11-22 18:12:12.000000'),('b54133cb-acb9-4a50-b51b-4a09804e3f50','2025-11-20 01:40:46.000000'),('b5435c86-cb35-4d87-9221-66555a17eec7','2025-11-24 16:38:05.000000'),('b608ce7b-f618-47f0-8cff-d5e0d246ffe4','2025-11-18 03:36:20.000000'),('b7b0691b-9031-4434-8f23-a7f808b9f50c','2025-11-26 14:59:34.000000'),('b827083f-239f-45e0-a24a-63b8e7b7ba71','2025-11-18 17:42:24.000000'),('b84d2325-3d60-49e6-a7b1-240a458be7db','2025-11-27 00:13:34.000000'),('b876fee1-6973-4d8e-8dc1-bbef1a579ceb','2025-11-26 20:22:32.000000'),('b8b1753d-1b41-4b0a-bb43-be0d8b900c49','2025-11-18 16:05:25.000000'),('b9118c62-564c-4ef3-a8b6-8eedd9b2f62c','2025-11-18 17:42:45.000000'),('bbe0275c-3dc9-471d-978d-e14ab6188dcf','2025-11-25 14:56:09.000000'),('bcb403ee-cbf1-4158-a5de-254ed2c4ac20','2025-11-26 18:58:24.000000'),('bcd6449f-c59f-4124-8c08-aa0b29c8c7f5','2025-11-17 12:24:09.000000'),('bd48c29a-dfd9-4ea5-8a67-3707c221426a','2025-11-25 23:27:46.000000'),('bda57212-39a9-4d79-98bd-b8872a4f3e1f','2025-11-22 18:48:42.000000'),('c084704c-53f6-40f6-98c8-6021391f19cc','2025-11-25 00:51:40.000000'),('c4e3067b-fc94-432c-8263-d49bdabb14c8','2025-11-22 19:47:57.000000'),('c50a2f8e-60dc-4981-9ead-4823552a78e1','2025-11-17 08:10:51.000000'),('c59654f7-d9bf-4930-bd3f-9ad43333d83d','2025-11-20 02:44:35.000000'),('c7f70a89-04ef-40fc-9100-19044507f6c2','2025-11-18 14:21:23.000000'),('c890752b-7116-47bb-b1fe-dd01a7d87182','2025-11-25 18:16:52.000000'),('cac09c85-6326-412c-ba0c-41fa84211eda','2025-11-16 10:11:10.000000'),('cbe0275d-d32b-4cbf-97ab-d20b80d1d486','2025-11-23 12:44:15.000000'),('d04f3e9a-4280-48b7-90ea-df3275caa2c4','2025-11-25 15:00:14.000000'),('d0b8ec9c-f8a3-416e-8f62-6a94ab91c083','2025-11-26 17:56:29.000000'),('d36305d5-3483-4893-8a1f-2c518c9fbbf2','2025-11-27 00:16:45.000000'),('d39caf1b-9f20-4998-89f4-2eddc53c22c0','2025-11-22 18:47:52.000000'),('d4eb7c58-8ee6-473d-bcbf-f40ad6330915','2025-11-18 17:54:51.000000'),('d539b744-ddda-4b95-b86a-d532d9fb9294','2025-11-24 17:04:40.000000'),('d7d75127-97d8-47a4-8185-b6cd54894b98','2025-11-25 15:30:41.000000'),('d7e1d7de-aa73-4e08-80dd-7687ed8c926b','2025-11-18 17:43:12.000000'),('d851dedc-dbe9-47e2-b858-e710a127833e','2025-11-24 16:04:11.000000'),('daac1c7b-fcfc-452e-9f8a-371f3044fbc2','2025-11-24 20:02:45.000000'),('db07af26-8649-4421-a197-642decfde92e','2025-11-21 00:33:23.000000'),('dd59b82f-830b-4fb1-b90c-72b90db679ff','2025-11-18 16:04:03.000000'),('dfaf2a5a-546e-469c-a79e-a2fc2f7ae4ed','2025-11-25 16:54:47.000000'),('e09fe70e-74de-455d-a5ce-df95a9029c0c','2025-11-23 16:49:39.000000'),('e108b939-0f4b-4f53-b5b0-04f491f65be8','2025-11-24 17:57:29.000000'),('e1eca4c5-aca1-4628-bccd-724e42a5e316','2025-11-22 19:40:12.000000'),('e28f97e0-2373-4ada-9054-4e150d0acd48','2025-11-22 18:46:50.000000'),('e3bf66db-aa2d-4a1d-83bb-bd5c0c274b87','2025-11-25 15:55:39.000000'),('e58ff13c-5887-4e37-886a-4d88f0dc4146','2025-11-18 05:31:15.000000'),('e5d404a9-b29f-48c0-b51d-ee22c8f302dd','2025-11-18 05:06:10.000000'),('e6411d7a-a7b6-46dc-9a89-68f70edbc902','2025-11-24 12:10:18.000000'),('e8ea7a5f-1905-4e76-82c6-747ff2dcbbbf','2025-11-24 13:12:46.000000'),('e98e45d8-e927-4efd-8b0d-fb06a310c1e4','2026-01-13 00:09:26.000000'),('eac8dc22-c550-4319-bcec-aacefbb3065f','2025-11-25 17:27:12.000000'),('ec23349a-f310-4eed-9f1e-d71d435217b3','2026-01-12 23:28:15.000000'),('ecc2aa1e-2fc6-4ddc-937b-3f499a3af4ee','2025-11-27 02:48:17.000000'),('ee082b22-869f-4b5e-8501-4c63f0d2b70d','2025-11-23 16:08:51.000000'),('ef14a68d-925e-44b3-8c6b-d6c53f371e37','2025-11-25 16:16:09.000000'),('ef2b59ae-d651-4a55-9a74-46313a793096','2025-11-20 16:37:58.000000'),('f154cf54-2f2a-44bd-b114-9e50017d4a5f','2025-11-18 17:44:34.000000'),('f26ecf79-e6f6-403f-b5f0-17970373845c','2025-11-18 13:36:32.000000'),('f33b9300-cac1-4cc6-872b-a009501d5ae6','2025-11-17 09:31:41.000000'),('f363b562-ce32-4aa2-ad9b-56d8588538be','2025-11-27 03:23:18.000000'),('f54c0fb3-845e-496b-a070-f777b83abacf','2025-11-17 10:34:40.000000'),('f6f456ee-e099-4327-8d0c-8a8b95aa7777','2025-11-24 12:12:53.000000'),('f923b796-386c-4c63-b6ae-28e7dd032464','2025-11-18 04:40:06.000000'),('fa011218-4554-4fac-b8a0-89b2b37eeb12','2025-11-26 18:27:28.000000'),('fb71062d-ff37-4c7d-b5b0-5d911a882d62','2025-11-25 21:23:17.000000'),('fb7190dd-8c3c-4a53-8e85-a23707ea2534','2025-11-24 17:09:29.000000'),('fe35b0a2-1dba-4393-9437-f4b21838d331','2025-11-24 21:10:46.000000'),('fec12cf0-a014-444b-b4c1-fe68c628bc9b','2025-11-18 17:15:51.000000'),('ff08c06c-7f7d-4e6d-87d1-623fd1ef1360','2025-11-18 13:02:10.000000'),('ff1e8cae-1330-4fa2-9ad6-463eda89751a','2025-11-18 04:06:25.000000');
/*!40000 ALTER TABLE `invalidated_token` ENABLE KEYS */;
UNLOCK TABLES;

--
-- Table structure for table `message`
--

DROP TABLE IF EXISTS `message`;
/*!40101 SET @saved_cs_client     = @@character_set_client */;
/*!50503 SET character_set_client = utf8mb4 */;
CREATE TABLE `message` (
  `message_id` int NOT NULL AUTO_INCREMENT,
  `content` varchar(255) DEFAULT NULL,
  `created_at` datetime(6) DEFAULT NULL,
  `conversation_id` int NOT NULL,
  `sender_id` int NOT NULL,
  PRIMARY KEY (`message_id`),
  KEY `FK6yskk3hxw5sklwgi25y6d5u1l` (`conversation_id`),
  KEY `FKbi5avhe69aol2mb1lnm6r4o2p` (`sender_id`),
  CONSTRAINT `FK6yskk3hxw5sklwgi25y6d5u1l` FOREIGN KEY (`conversation_id`) REFERENCES `conversation` (`conversation_id`),
  CONSTRAINT `FKbi5avhe69aol2mb1lnm6r4o2p` FOREIGN KEY (`sender_id`) REFERENCES `users` (`user_id`)
) ENGINE=InnoDB AUTO_INCREMENT=155 DEFAULT CHARSET=utf8mb4 COLLATE=utf8mb4_0900_ai_ci;
/*!40101 SET character_set_client = @saved_cs_client */;

--
-- Dumping data for table `message`
--

LOCK TABLES `message` WRITE;
/*!40000 ALTER TABLE `message` DISABLE KEYS */;
INSERT INTO `message` VALUES (1,'alo','2025-11-05 19:59:44.241328',3,1),(2,'ơi anh','2025-11-05 20:00:46.014675',3,2),(3,'huh','2025-11-05 20:01:15.652015',3,1),(4,'huhu','2025-11-05 20:02:19.663273',3,1),(5,'ơi anh','2025-11-05 20:02:32.697162',3,2),(6,'alo','2025-11-05 20:03:35.758106',3,1),(7,'ơi','2025-11-05 20:03:44.277582',3,2),(8,'ơi','2025-11-05 20:04:10.854908',3,1),(9,'ơi','2025-11-05 20:04:15.473006',3,2),(10,'alo','2025-11-05 20:08:44.109951',3,1),(11,'huh','2025-11-05 20:08:50.553890',3,2),(12,'.','2025-11-05 20:15:28.337633',3,1),(13,'.','2025-11-05 20:15:35.657085',3,2),(14,'.','2025-11-06 16:29:51.512739',3,1),(15,'alo anh','2025-11-06 16:30:58.880755',3,2),(16,'huhh','2025-11-06 16:31:08.480796',3,1),(17,'oke','2025-11-06 16:31:14.052799',3,2),(18,'em ơi','2025-11-06 16:32:06.765828',3,1),(19,'.','2025-11-06 16:33:21.211625',3,2),(20,'.','2025-11-06 16:33:58.636757',3,2),(21,'.','2025-11-06 16:34:15.058593',3,2),(22,'ko','2025-11-06 16:34:42.510591',3,1),(23,'.','2025-11-06 10:15:35.638422',3,1),(24,'.','2025-11-06 10:24:03.502702',3,1),(25,'alo','2025-11-06 10:24:09.687241',3,1),(26,'ủa','2025-11-06 10:25:14.943318',3,2),(27,'k','2025-11-06 10:27:43.505160',3,1),(28,'lo','2025-11-06 11:20:28.110463',3,1),(29,'.','2025-11-06 15:33:36.350489',3,1),(30,'.','2025-11-06 15:38:39.752118',3,1),(31,'.','2025-11-06 15:39:00.660923',3,1),(32,'alo','2025-11-11 23:49:04.115367',5,1),(33,'alo 1224','2025-11-11 23:51:43.284567',3,1),(34,'reply','2025-11-11 23:52:05.199629',3,2),(35,'..','2025-11-12 00:18:58.674426',5,1),(36,'hi','2025-11-15 00:21:17.421583',3,1),(37,'h','2025-11-15 00:26:20.383501',8,6),(38,'g','2025-11-15 00:26:38.376855',8,1),(39,'aloô','2025-11-15 00:26:45.364025',8,6),(40,'???','2025-11-15 00:26:51.553524',8,1),(41,'oke nhá','2025-11-15 00:27:03.201766',8,1),(43,'alo','2025-11-16 06:44:29.516938',8,1),(44,'a','2025-11-16 06:44:39.747772',3,1),(45,'alo','2025-11-16 06:46:26.625839',8,1),(46,'alo','2025-11-16 06:46:31.534979',8,1),(47,'ủa','2025-11-16 06:46:36.008321',8,1),(48,'anh ơi','2025-11-16 06:47:57.695662',8,6),(49,'ơi em','2025-11-16 06:48:01.614333',8,1),(50,'ơi','2025-11-16 07:01:01.700774',8,1),(51,'m đang mô đó Dũng','2025-11-16 07:10:16.739866',3,1),(52,'alo','2025-11-16 07:10:27.108573',8,1),(53,'alo','2025-11-16 07:11:14.024933',5,1),(54,'sao đó','2025-11-16 08:13:52.259542',8,1),(55,'alo','2025-11-16 08:36:08.639353',3,1),(56,'anh ơi','2025-11-16 08:52:50.827239',8,6),(57,'ơi em','2025-11-16 08:52:54.835909',8,1),(58,'đây','2025-11-16 09:18:27.240209',8,6),(59,'nhắn được chứ sao không được','2025-11-16 09:18:38.796829',8,6),(60,'chưa có hàng mới về à','2025-11-16 09:18:46.256575',8,1),(61,'có rồi mà','2025-11-16 09:18:51.322393',8,6),(62,'à','2025-11-16 09:18:59.383526',8,6),(63,'hàng mới về vẫn trống','2025-11-16 09:19:01.467525',8,1),(64,'đang set 10 ngày','2025-11-16 09:19:06.768083',8,6),(65,'nên quá 10 ngày nó không có','2025-11-16 09:19:13.392888',8,6),(66,'chào shop','2025-11-17 01:49:28.192900',9,7),(67,'lo chi','2025-11-17 01:50:13.858259',9,1),(68,'shop cho mình hỏi','2025-11-17 01:50:38.431590',9,7),(69,'mình sắp đi đánh ghen thì mặc cái gì cho đẹp','2025-11-17 01:50:54.523458',9,7),(70,'ban vao phan ao phong nu mac ao trum kin nguoi vao nhe','2025-11-17 01:51:25.222746',9,1),(71,'đi đánh ghen sao mặc áo phông','2025-11-17 01:51:31.812793',9,7),(72,'lo','2025-11-17 04:43:22.088827',10,1),(73,'lo','2025-11-17 04:43:53.286515',10,1),(74,'o','2025-11-17 04:44:54.735840',10,8),(75,'lo','2025-11-17 04:45:08.179485',10,1),(76,'lo','2025-11-17 04:45:48.154295',10,1),(77,'Aloo','2025-11-17 09:47:53.308793',8,6),(78,'hu','2025-11-17 09:48:20.627694',8,6),(79,'Mari was here!','2025-11-17 09:48:38.458560',8,6),(80,'hfhfhf','2025-11-17 09:48:54.894752',8,1),(81,'kfdfkd','2025-11-17 09:49:00.728034',8,1),(82,'Oke','2025-11-17 09:49:17.058553',8,6),(83,'alo','2025-11-17 11:39:15.848267',8,6),(84,'alo','2025-11-17 11:43:00.514719',8,1),(85,'a','2025-11-17 11:44:49.942740',10,1),(86,'ủa','2025-11-17 11:47:30.774712',10,1),(87,'aloo4','2025-11-19 03:36:56.234131',14,13),(88,'chó Hoàng','2025-11-19 03:37:48.193488',14,13),(89,';á;s;s','2025-11-19 03:38:01.293088',14,13),(90,'Aloo','2025-11-19 03:38:10.479042',14,1),(91,'.','2025-11-19 12:10:26.605342',10,1),(92,'.','2025-11-20 01:10:11.236901',8,6),(93,'ngon','2025-11-20 16:13:15.670341',15,1),(94,'ok','2025-11-20 16:13:22.003954',15,1),(95,'lô','2025-11-20 16:13:27.922147',10,1),(96,'alo','2025-11-22 01:18:44.232411',13,12),(97,'thg admin đâu ra đây','2025-11-22 01:18:55.383732',13,12),(98,'ngủ chưa người đẹp','2025-11-23 00:44:42.616533',8,1),(99,'tao','2025-11-23 00:46:51.694408',13,1),(100,'à nhầm','2025-11-23 00:46:59.497915',13,1),(101,'tôi đây','2025-11-23 00:47:04.853474',13,1),(102,'lô emm','2025-11-23 15:49:58.049826',8,1),(103,'lô','2025-11-23 15:50:34.328482',8,1),(104,'oke en','2025-11-23 15:50:39.580594',8,1),(105,'.','2025-11-23 18:00:19.159763',8,1),(106,'dfghj','2025-11-23 18:01:42.891126',8,1),(107,'ok ưm','2025-11-23 18:01:46.834730',8,1),(108,'oke','2025-11-23 18:01:49.048171',8,1),(109,'????','2025-11-24 12:27:38.657441',13,12),(110,'sao k có thông báo đẩy','2025-11-24 12:28:17.935908',13,1),(111,'đm','2025-11-24 12:28:19.016081',13,1),(112,'ửth5wrjh','2025-11-24 12:28:32.295573',15,1),(113,'hay bạn ơi','2025-11-24 12:37:48.134689',16,17),(114,'Thứ 6 đen có mã giảm 36k ko ạ','2025-11-24 12:40:52.401759',17,16),(115,'có bạn nhé','2025-11-24 12:41:32.245706',17,1),(116,'oke bạn','2025-11-24 12:41:39.641018',16,1),(117,'Phải mã HEOTHANHQUE ko ạ','2025-11-24 12:43:32.285756',17,16),(118,'tooi chuyen tien roi','2025-11-24 15:03:19.848911',15,14),(119,'alo','2025-11-24 15:03:21.258069',15,14),(120,'oke','2025-11-24 15:04:22.340915',15,1),(121,'alo','2025-11-25 01:22:30.006811',8,6),(122,'thông báo đẩy là gì?','2025-11-25 14:14:43.288305',13,1),(123,'ơi anh','2025-11-25 16:03:33.752761',8,6),(124,'oke','2025-11-25 16:03:37.613044',8,1),(125,'hello em','2025-11-25 16:25:34.467200',18,19),(126,'Hêlo','2025-11-25 22:55:03.098692',18,1),(127,'Ủa ai z','2025-11-26 01:02:51.886018',17,1),(128,'anh ơi','2026-01-11 15:50:10.404225',8,6),(129,'khỏe không anh','2026-01-11 15:50:17.745579',8,6),(130,'anh khỏe em','2026-01-11 15:50:25.206502',8,1),(131,'dạ','2026-01-11 15:50:31.186636',8,6),(132,'ủa','2026-01-11 15:50:41.430991',8,6),(133,'sao z','2026-01-11 15:50:45.871611',8,6),(134,'có chạy nha','2026-01-11 15:50:50.797596',8,1),(135,'uae','2026-01-11 15:50:55.503821',8,6),(136,'sao z','2026-01-11 15:50:58.861498',8,6),(137,'ủa???','2026-01-11 15:51:06.488722',8,6),(138,'huh','2026-01-11 15:51:15.727531',8,1),(139,'huh','2026-01-11 15:51:20.496771',8,6),(140,'alo','2026-01-11 15:51:24.754753',8,6),(141,'alo','2026-01-11 15:51:27.343409',8,6),(142,'ủa','2026-01-11 15:51:29.132073',8,6),(143,'lag lag sao ấy','2026-01-11 15:51:32.693037',8,6),(144,'sao rồi','2026-01-11 15:51:35.584211',8,6),(145,'oke chưa','2026-01-11 15:51:37.050135',8,6),(146,'oke ròi','2026-01-11 15:51:40.429104',8,1),(147,'oke đấy','2026-01-11 15:51:42.821866',8,1),(148,'hello','2026-01-11 15:52:42.353343',8,6),(149,'admin ơi','2026-01-11 15:52:46.884051',8,6),(150,'dạ admin nghe ','2026-01-11 15:52:51.455494',8,1),(151,'khách hỏi gi','2026-01-11 15:52:53.907048',8,1),(152,'oke nah','2026-01-11 15:52:58.581963',8,6),(153,'Sốp ơi em hỏi cái này sốp đừng cười nha =))','2026-01-12 22:44:58.226014',8,6),(154,'Khách hỏi đi ạ :v','2026-01-12 22:45:27.674698',8,1);
/*!40000 ALTER TABLE `message` ENABLE KEYS */;
UNLOCK TABLES;

--
-- Table structure for table `order_detail`
--

DROP TABLE IF EXISTS `order_detail`;
/*!40101 SET @saved_cs_client     = @@character_set_client */;
/*!50503 SET character_set_client = utf8mb4 */;
CREATE TABLE `order_detail` (
  `id` int NOT NULL AUTO_INCREMENT,
  `price` double NOT NULL,
  `quantity` int NOT NULL DEFAULT '1',
  `order_id` int NOT NULL,
  `variation_id` int NOT NULL,
  PRIMARY KEY (`id`),
  UNIQUE KEY `UKhv1n8eofb39wh7jib3w3atcoq` (`order_id`,`variation_id`),
  KEY `idx_order_id` (`order_id`),
  KEY `idx_variation_id` (`variation_id`),
  CONSTRAINT `FK69302noena6tubohwedpnrlhn` FOREIGN KEY (`variation_id`) REFERENCES `product_variation` (`variation_id`),
  CONSTRAINT `FKrws2q0si6oyd6il8gqe2aennc` FOREIGN KEY (`order_id`) REFERENCES `orders` (`id`)
) ENGINE=InnoDB AUTO_INCREMENT=113 DEFAULT CHARSET=utf8mb4 COLLATE=utf8mb4_0900_ai_ci;
/*!40101 SET character_set_client = @saved_cs_client */;

--
-- Dumping data for table `order_detail`
--

LOCK TABLES `order_detail` WRITE;
/*!40000 ALTER TABLE `order_detail` DISABLE KEYS */;
INSERT INTO `order_detail` VALUES (1,189000,1,1,208),(2,189000,1,2,206),(3,189000,1,3,204),(4,366000,2,4,210),(5,690000,1,5,218),(6,690000,1,6,216),(7,690000,1,7,216),(8,189000,1,8,206),(9,800000,1,9,15),(10,840000,1,9,185),(11,623000,1,10,189),(12,623000,1,11,189),(13,750000,1,12,20),(14,300000,1,13,56),(15,690000,2,14,216),(16,400000,1,15,4),(17,690000,1,16,215),(18,690000,1,17,217),(19,690000,1,18,213),(20,690000,1,19,215),(21,366000,1,20,210),(22,840000,1,21,184),(23,529300,1,21,192),(24,366000,1,22,210),(25,623000,1,23,189),(26,300000,1,24,66),(27,366000,1,25,211),(28,359680,1,26,1),(29,359680,1,27,1),(30,300000,1,28,56),(31,300000,1,29,62),(32,300000,1,30,58),(33,189000,1,31,205),(34,189000,1,32,205),(35,529300,1,33,196),(36,529300,1,34,196),(37,529300,1,35,196),(38,529300,1,36,196),(39,185000,1,37,69),(40,495000,1,38,198),(41,560000,1,39,149),(42,529300,1,40,193),(43,529300,1,40,192),(44,529300,1,40,195),(45,690000,1,41,213),(46,366000,1,42,210),(47,690000,1,43,215),(48,300000,1,44,63),(49,690000,1,45,215),(50,500000,2,46,166),(51,623000,1,47,189),(52,623000,1,48,190),(53,690000,1,49,213),(54,690000,1,50,213),(55,690000,1,51,213),(56,189000,2,52,204),(57,366000,1,53,210),(58,366000,1,54,212),(59,366000,1,55,212),(60,690000,1,56,213),(61,366000,1,57,212),(62,366000,1,58,212),(63,366000,1,59,212),(64,366000,1,60,210),(65,366000,1,61,210),(66,366000,2,62,211),(67,359680,1,63,1),(68,359680,1,64,1),(69,690000,1,65,213),(70,300000,1,66,56),(71,690000,1,67,213),(72,359000,2,68,240),(73,590000,1,69,251),(74,359000,1,70,261),(75,489000,2,71,256),(76,359000,1,72,260),(77,359000,1,72,239),(78,250000,1,73,44),(79,300000,1,74,58),(80,359000,1,75,261),(81,489000,1,76,258),(82,359000,1,77,261),(83,489000,1,78,257),(84,359000,1,79,260),(85,489000,1,80,257),(86,489000,2,81,258),(87,690000,1,82,229),(88,404640,1,83,3),(89,404640,1,84,3),(90,404640,1,85,3),(91,404640,1,86,3),(92,800000,1,87,15),(93,404640,1,88,1),(94,404640,1,89,2),(95,359000,1,90,260),(96,359000,1,91,261),(97,359000,1,92,260),(98,359000,1,93,260),(99,359000,1,94,261),(100,359000,1,95,261),(101,359000,1,96,260),(102,489000,1,97,259),(103,380000,1,98,158),(104,359000,1,99,260),(105,359000,1,100,260),(106,489000,1,101,256),(107,590000,1,102,250),(108,590000,1,103,250),(109,590000,1,104,250),(110,590000,1,105,250),(111,189000,1,106,208),(112,690000,1,107,229);
/*!40000 ALTER TABLE `order_detail` ENABLE KEYS */;
UNLOCK TABLES;

--
-- Table structure for table `orders`
--

DROP TABLE IF EXISTS `orders`;
/*!40101 SET @saved_cs_client     = @@character_set_client */;
/*!50503 SET character_set_client = utf8mb4 */;
CREATE TABLE `orders` (
  `id` int NOT NULL AUTO_INCREMENT,
  `full_address` varchar(500) NOT NULL,
  `note` text,
  `order_date` datetime(6) NOT NULL,
  `phone_number` varchar(20) DEFAULT NULL,
  `status` enum('APPROVED','CANCELED','COMPLETED','PENDING','SHIPPING') NOT NULL,
  `total_amount` double NOT NULL,
  `user_id` int NOT NULL,
  PRIMARY KEY (`id`),
  KEY `idx_user_id` (`user_id`),
  KEY `idx_status` (`status`),
  KEY `idx_order_date` (`order_date`),
  CONSTRAINT `FK32ql8ubntj5uh44ph9659tiih` FOREIGN KEY (`user_id`) REFERENCES `users` (`user_id`)
) ENGINE=InnoDB AUTO_INCREMENT=108 DEFAULT CHARSET=utf8mb4 COLLATE=utf8mb4_0900_ai_ci;
/*!40101 SET character_set_client = @saved_cs_client */;

--
-- Dumping data for table `orders`
--

LOCK TABLES `orders` WRITE;
/*!40000 ALTER TABLE `orders` DISABLE KEYS */;
INSERT INTO `orders` VALUES (1,'987654, 987654, jhgfdsa',NULL,'2025-11-24 12:03:46.965517','0979457219','CANCELED',189000,6),(2,'987654, 987654, jhgfdsa',NULL,'2025-11-24 12:03:52.624787','0979457219','CANCELED',189000,6),(3,'987654, 987654, jhgfdsa',NULL,'2025-11-24 12:04:39.367058','0979457219','APPROVED',189000,6),(4,'987654, 987654, jhgfdsa',NULL,'2025-11-24 12:07:29.938811','0979457219','APPROVED',732000,6),(5,'987654, 987654, jhgfdsa',NULL,'2025-11-24 12:08:39.082012','0979457219','CANCELED',690000,6),(6,'987654, 987654, jhgfdsa',NULL,'2025-11-24 12:08:49.205846','0979457219','CANCELED',690000,6),(7,'36, 36, 36',NULL,'2025-11-24 12:16:15.745604','0869769530','APPROVED',690000,12),(8,'36, 36, 36',NULL,'2025-11-24 12:19:55.106573','0869769530','SHIPPING',189000,12),(9,'36, 36, 36',NULL,'2025-11-24 12:20:30.929276','0869769530','SHIPPING',1640000,12),(10,'36, bsjsb, 36',NULL,'2025-11-24 12:23:09.144757','0869769530','PENDING',623000,15),(11,'36, bsjsb, 36',NULL,'2025-11-24 12:23:30.967414','0869769530','SHIPPING',623000,15),(12,'36, bsjsb, 36',NULL,'2025-11-24 12:24:27.470351','0869769530','CANCELED',750000,15),(13,'987654, 987654, jhgfdsa',NULL,'2025-11-24 12:33:05.661450','0979457219','APPROVED',300000,6),(14,'đường số 3, phường kinh bắc, tp Bắc Ninh',NULL,'2025-11-24 12:37:01.796976','0825170605','COMPLETED',1380000,17),(15,'Cầu Giấy, 36, 36',NULL,'2025-11-24 12:40:29.392701','083746284','COMPLETED',400000,16),(16,'987654, 987654, jhgfdsa',NULL,'2025-11-24 14:14:24.876800','0979457219','PENDING',690000,6),(17,'987654, 987654, jhgfdsa',NULL,'2025-11-24 14:17:12.285537','0979457219','PENDING',690000,6),(18,'987654, 987654, jhgfdsa',NULL,'2025-11-24 14:26:07.105293','0979457219','PENDING',690000,6),(19,'3, xyz, 34',NULL,'2025-11-24 15:03:00.564326','0981924923','COMPLETED',690000,14),(20,'109 C21 Nguyễn Quý Đức, Thanh Xuân Bắc, Quận Thanh Xuân',NULL,'2025-11-24 15:37:27.784818','0961302800','COMPLETED',366000,2),(21,'109 C21 Nguyễn Quý Đức, Thanh Xuân Bắc, Quận Thanh Xuân',NULL,'2025-11-24 15:46:02.991538','0961302800','COMPLETED',1369300,2),(22,'109 C21 Nguyễn Quý Đức, Thanh Xuân Bắc, Quận Thanh Xuân',NULL,'2025-11-24 16:09:26.704165','0961302800','COMPLETED',366000,2),(23,'109 C21 Nguyễn Quý Đức, Thanh Xuân Bắc, Quận Thanh Xuân',NULL,'2025-11-24 16:10:39.178328','0961302800','COMPLETED',623000,2),(24,'x, yz, z',NULL,'2025-11-24 17:08:52.302862','0954438453','CANCELED',300000,19),(25,'x, yz, z',NULL,'2025-11-24 17:13:43.004777','0954438453','COMPLETED',366000,19),(26,'36, 36, 36',NULL,'2025-11-24 17:53:38.061727','0869769530','APPROVED',359680,12),(27,'36, 36, 36','yg','2025-11-24 17:54:32.747139','0869769530','CANCELED',359680,12),(28,'tr, re, re',NULL,'2025-11-24 18:14:34.400711','098','PENDING',300000,10),(29,'tr, re, re',NULL,'2025-11-24 18:17:10.649999','0987','PENDING',300000,10),(30,'987, 76, 6',NULL,'2025-11-24 18:27:48.588398','0987','PENDING',300000,20),(31,'987654, 987654, jhgfdsa',NULL,'2025-11-24 18:31:38.138103','0979457219','PENDING',189000,6),(32,'987654, 987654, jhgfdsa',NULL,'2025-11-24 18:31:43.745138','0979457219','APPROVED',189000,6),(33,'987, 76, 6',NULL,'2025-11-24 18:41:18.586893','098765432','APPROVED',529300,20),(34,'987, 76, 6',NULL,'2025-11-24 18:41:42.191187','098765432','PENDING',529300,20),(35,'987, 76, 6',NULL,'2025-11-24 18:41:50.121895','098765432','PENDING',529300,20),(36,'987, 76, 6',NULL,'2025-11-24 18:41:58.348332','098765432','PENDING',529300,20),(37,'987, 76, 6',NULL,'2025-11-24 18:44:18.938225','0987','COMPLETED',185000,20),(38,'3, xyz, 34',NULL,'2025-11-24 18:51:56.222382','0981924923','APPROVED',495000,14),(39,'987654, 987654, jhgfdsa',NULL,'2025-11-24 19:10:11.319144','0979457219','CANCELED',560000,6),(40,'x, yz, z',NULL,'2025-11-24 23:14:23.682878','0954438453','CANCELED',1587900,19),(41,'3, xyz, 34',NULL,'2025-11-24 23:54:01.749196','0981924923','APPROVED',690000,14),(42,'987654, 987654, jhgfdsa',NULL,'2025-11-24 23:55:55.689772','0979457219','CANCELED',366000,6),(43,'3, xyz, 34',NULL,'2025-11-24 23:56:11.882318','54545','CANCELED',690000,14),(44,'x, yz, z',NULL,'2025-11-24 23:58:39.376441','0954438453','COMPLETED',300000,19),(45,'987654, 987654, jhgfdsa',NULL,'2025-11-24 23:59:53.158134','0979457219','PENDING',690000,6),(46,'Đường số 2, Phường XYZ, Quận 36',NULL,'2025-11-25 00:04:24.179939','09876','CANCELED',1000000,1),(47,'987654, 987654, jhgfdsa',NULL,'2025-11-25 00:06:32.492736','0979457219','SHIPPING',623000,6),(48,'987654, 987654, jhgfdsa',NULL,'2025-11-25 00:06:37.716755','0979457219','PENDING',623000,6),(49,'3, xyz, 34',NULL,'2025-11-25 00:25:41.333321','2323','COMPLETED',690000,14),(50,'3, xyz, 34',NULL,'2025-11-25 00:32:01.316465','2323','COMPLETED',690000,14),(51,'Đường số 2, Phường XYZ, Quận 36',NULL,'2025-11-25 00:34:03.482595','09876','PENDING',690000,1),(52,'987654, 987654, jhgfdsa',NULL,'2025-11-25 01:23:34.254436','0979457219','PENDING',378000,6),(53,'109 C21 Nguyễn Quý Đức, Thanh Xuân Bắc, Quận Thanh Xuân',NULL,'2025-11-25 13:22:35.110062','0988986269','APPROVED',366000,2),(54,'109 C21 Nguyễn Quý Đức, Thanh Xuân Bắc, Quận Thanh Xuân',NULL,'2025-11-25 13:28:36.471407','0988986269','APPROVED',366000,2),(55,'109 C21 Nguyễn Quý Đức, Thanh Xuân Bắc, Quận Thanh Xuân',NULL,'2025-11-25 13:38:14.465575','0988986269','APPROVED',366000,2),(56,'987654, 987654, jhgfdsa',NULL,'2025-11-25 14:01:28.028510','0979457219','PENDING',690000,6),(57,'109 C21 Nguyễn Quý Đức, Thanh Xuân Bắc, Quận Thanh Xuân',NULL,'2025-11-25 14:12:40.546422','0988986269','APPROVED',366000,2),(58,'109 C21 Nguyễn Quý Đức, Thanh Xuân Bắc, Quận Thanh Xuân',NULL,'2025-11-25 14:13:44.432612','0988986269','PENDING',366000,2),(59,'109 C21 Nguyễn Quý Đức, Thanh Xuân Bắc, Quận Thanh Xuân',NULL,'2025-11-25 14:14:55.817395','0988986269','PENDING',366000,2),(60,'109 C21 Nguyễn Quý Đức, Thanh Xuân Bắc, Quận Thanh Xuân',NULL,'2025-11-25 14:16:35.874573','0988986269','PENDING',366000,2),(61,'109 C21 Nguyễn Quý Đức, Thanh Xuân Bắc, Quận Thanh Xuân',NULL,'2025-11-25 14:18:21.689569','0988986269','PENDING',366000,2),(62,'109 C21 Nguyễn Quý Đức, Thanh Xuân Bắc, Quận Thanh Xuân',NULL,'2025-11-25 14:23:17.985712','0988986269','APPROVED',732000,2),(63,'987654, 987654, jhgfdsa',NULL,'2025-11-25 14:24:14.381040','0979457219','COMPLETED',359680,6),(64,'987654, 987654, jhgfdsa',NULL,'2025-11-25 14:24:19.917017','0979457219','PENDING',359680,6),(65,'987654, 987654, jhgfdsa',NULL,'2025-11-25 14:37:51.734237','0979457219','PENDING',690000,6),(66,'987654, 987654, jhgfdsa',NULL,'2025-11-25 14:47:09.315380','0979457219','COMPLETED',300000,6),(67,'987654, 987654, jhgfdsa',NULL,'2025-11-25 14:49:39.402525','0979457219','SHIPPING',690000,6),(68,'109 C21 Nguyễn Quý Đức, Thanh Xuân Bắc, Quận Thanh Xuân',NULL,'2025-11-25 15:33:06.296487','0988986269','COMPLETED',718000,2),(69,'Đường số 2, Phường XYZ, Quận 36',NULL,'2025-11-25 15:41:08.584171','0987654321','CANCELED',590000,1),(70,'x, yz, z',NULL,'2025-11-25 16:34:13.595086','0954438453','APPROVED',359000,19),(71,'3, dfdf, 132','alo','2025-11-25 20:22:56.755343','0981924923','COMPLETED',978000,21),(72,'Đường số 2, Phường XYZ, Quận 36',NULL,'2025-11-25 22:28:10.183666','0981924923','COMPLETED',718000,1),(73,'abc, xyz, 1',NULL,'2025-11-26 00:59:06.385449','0123456789','CANCELED',250000,22),(74,'Đường số 2, Phường XYZ, Quận 36',NULL,'2025-11-26 13:06:47.904371','0987654321','CANCELED',300000,1),(75,'8765, iuyt, uyt',NULL,'2025-11-26 15:35:08.269788','0978451362','COMPLETED',359000,9),(76,'8765, iuyt, uyt',NULL,'2025-11-26 15:37:24.101527','0978645312','CANCELED',489000,9),(77,'x, yz, z',NULL,'2025-11-26 15:38:34.232443','0954438453','COMPLETED',359000,19),(78,'x, yz, z',NULL,'2025-11-26 18:10:27.064814','0954438453','COMPLETED',489000,19),(79,'109 C21 Nguyễn Quý Đức, Thanh Xuân Bắc, Quận Thanh Xuân',NULL,'2025-11-26 23:15:33.046003','0988986269','APPROVED',359000,2),(80,'109 C21 Nguyễn Quý Đức, Thanh Xuân Bắc, Quận Thanh Xuân',NULL,'2025-11-26 23:15:51.144676','0988986269','SHIPPING',489000,2),(81,'109 C21 Nguyễn Quý Đức, Thanh Xuân Bắc, Quận Thanh Xuân',NULL,'2025-11-26 23:16:00.803326','0988986269','PENDING',978000,2),(82,'109 C21 Nguyễn Quý Đức, Thanh Xuân Bắc, Quận Thanh Xuân',NULL,'2025-11-26 23:17:01.454113','0988986269','COMPLETED',690000,2),(83,'8765, iuyt, uyt',NULL,'2025-11-26 23:17:01.810924','0987654321','COMPLETED',404640,9),(84,'8765, iuyt, uyt',NULL,'2025-11-26 23:17:48.456805','0987654321','PENDING',404640,9),(85,'8765, iuyt, uyt',NULL,'2025-11-26 23:18:08.144268','0987654321','CANCELED',404640,9),(86,'8765, iuyt, uyt',NULL,'2025-11-26 23:18:30.960426','0987654321','COMPLETED',404640,9),(87,'109 C21 Nguyễn Quý Đức, Thanh Xuân Bắc, Quận Thanh Xuân',NULL,'2025-11-26 23:18:39.530656','0988986269','SHIPPING',800000,2),(88,'Đường số 2, Phường XYZ, Quận 36',NULL,'2025-11-26 23:20:21.538916','09876','CANCELED',404640,1),(89,'3, xyz, 34',NULL,'2025-11-27 02:22:04.044124','0981924923','COMPLETED',404640,14),(90,'Đường số 2, Phường XYZ, Quận 36',NULL,'2025-11-27 02:42:34.716801','0987654321','PENDING',359000,1),(91,'987654, 987654, jhgfdsa',NULL,'2025-11-27 02:49:09.517982','0979457219','PENDING',359000,6),(92,'987654, 987654, jhgfdsa',NULL,'2025-11-27 02:49:36.835702','0979457219','PENDING',359000,6),(93,'987654, 987654, jhgfdsa',NULL,'2025-11-27 02:49:56.921100','0979457219','COMPLETED',359000,6),(94,'987654, 987654, jhgfdsa',NULL,'2025-11-27 02:53:27.593975','0979457219','PENDING',359000,6),(95,'987654, 987654, jhgfdsa',NULL,'2025-11-27 02:53:36.443126','0979457219','PENDING',359000,6),(96,'3, xyz, 34',NULL,'2025-11-28 00:59:04.637048','0981924923','APPROVED',359000,14),(97,'x, yz, z',NULL,'2025-11-28 01:01:19.250838','0954438453','PENDING',489000,19),(98,'x, yz, z',NULL,'2025-11-28 01:01:41.241330','0954438453','APPROVED',380000,19),(99,'109 C21 Nguyễn Quý Đức, Thanh Xuân Bắc, Quận Thanh Xuân',NULL,'2025-11-28 01:03:04.257480','0988986269','CANCELED',359000,2),(100,'109 C21 Nguyễn Quý Đức, Thanh Xuân Bắc, Quận Thanh Xuân',NULL,'2025-11-28 01:04:07.251765','0988986269','CANCELED',359000,2),(101,'109 C21 Nguyễn Quý Đức, Thanh Xuân Bắc, Quận Thanh Xuân',NULL,'2025-11-28 01:04:55.323473','0988986269','APPROVED',489000,2),(102,'109 C21 Nguyễn Quý Đức, Thanh Xuân Bắc, Quận Thanh Xuân',NULL,'2025-11-28 01:12:57.696058','0988986269','CANCELED',590000,2),(103,'109 C21 Nguyễn Quý Đức, Thanh Xuân Bắc, Quận Thanh Xuân',NULL,'2025-11-28 01:13:27.235747','0988986269','CANCELED',590000,2),(104,'109 C21 Nguyễn Quý Đức, Thanh Xuân Bắc, Quận Thanh Xuân',NULL,'2025-11-28 01:15:51.244389','0988986269','PENDING',590000,2),(105,'109 C21 Nguyễn Quý Đức, Thanh Xuân Bắc, Quận Thanh Xuân',NULL,'2025-11-28 01:16:13.739759','0988986269','PENDING',590000,2),(106,'Số 219 Ngõ 8, Ao Sen, Mộ Lao, Hà Đông',NULL,'2026-01-12 22:54:28.027000','0979457219','CANCELED',189000,6),(107,'Số 219 Ngõ 8, Ao Sen, Mộ Lao, Hà Đông',NULL,'2026-01-12 23:07:05.134836','0979457219','PENDING',690000,6);
/*!40000 ALTER TABLE `orders` ENABLE KEYS */;
UNLOCK TABLES;

--
-- Table structure for table `payments`
--

DROP TABLE IF EXISTS `payments`;
/*!40101 SET @saved_cs_client     = @@character_set_client */;
/*!50503 SET character_set_client = utf8mb4 */;
CREATE TABLE `payments` (
  `id` int NOT NULL AUTO_INCREMENT,
  `amount` double NOT NULL,
  `created_date` datetime(6) NOT NULL,
  `payment_date` datetime(6) DEFAULT NULL,
  `payment_method` varchar(255) NOT NULL,
  `response_data` text,
  `status` enum('CANCELLED','COMPLETED','FAILED','PENDING','REFUNDED') NOT NULL,
  `transaction_id` varchar(255) DEFAULT NULL,
  `vnpay_transaction_ref` varchar(255) DEFAULT NULL,
  `order_id` int NOT NULL,
  PRIMARY KEY (`id`),
  UNIQUE KEY `UK8vo36cen604as7etdfwmyjsxt` (`order_id`),
  CONSTRAINT `FK81gagumt0r8y3rmudcgpbk42l` FOREIGN KEY (`order_id`) REFERENCES `orders` (`id`)
) ENGINE=InnoDB AUTO_INCREMENT=108 DEFAULT CHARSET=utf8mb4 COLLATE=utf8mb4_0900_ai_ci;
/*!40101 SET character_set_client = @saved_cs_client */;

--
-- Dumping data for table `payments`
--

LOCK TABLES `payments` WRITE;
/*!40000 ALTER TABLE `payments` DISABLE KEYS */;
INSERT INTO `payments` VALUES (1,189000,'2025-11-24 12:03:47.478050',NULL,'CASH',NULL,'PENDING',NULL,NULL,1),(2,189000,'2025-11-24 12:03:53.161317',NULL,'VNPAY',NULL,'FAILED',NULL,'59662222',2),(3,189000,'2025-11-24 12:04:39.867077','2025-11-24 12:05:12.863533','VNPAY','{vnp_Amount=18900000, vnp_BankCode=NCB, vnp_BankTranNo=VNP15283786, vnp_CardType=ATM, vnp_OrderInfo=Thanh toan don hang:3 Ma: 33050685, vnp_PayDate=20251124120459, vnp_ResponseCode=00, vnp_TmnCode=TJVHIKPP, vnp_TransactionNo=15283786, vnp_TransactionStatus=00, vnp_TxnRef=33050685, vnp_SecureHash=62fa8d5cd0cdbd8fbfd1e0577f0212ac66ec2b56a0d970ab1dce5cc379477913c0294f2b5686eb8c3fbd1898c5b83a8865d5b6c6f429cedd3ca7e0d9a3625fcf}','COMPLETED','15283786','33050685',3),(4,732000,'2025-11-24 12:07:30.469813','2025-11-24 12:07:50.836068','VNPAY','{vnp_Amount=73200000, vnp_BankCode=NCB, vnp_BankTranNo=VNP15283790, vnp_CardType=ATM, vnp_OrderInfo=Thanh toan don hang:4 Ma: 60205327, vnp_PayDate=20251124120745, vnp_ResponseCode=00, vnp_TmnCode=TJVHIKPP, vnp_TransactionNo=15283790, vnp_TransactionStatus=00, vnp_TxnRef=60205327, vnp_SecureHash=53bb4d1d7d7908557793a38a9707bbbad9ade5c21c3e9001911128a9bebfe7bb14650bb0a832a1bc7afaa1d7a56315e99855a3271ee546dd05fe1773ace771b9}','COMPLETED','15283790','60205327',4),(5,690000,'2025-11-24 12:08:39.593521',NULL,'VNPAY',NULL,'FAILED',NULL,'06696592',5),(6,690000,'2025-11-24 12:08:49.745083',NULL,'CASH',NULL,'PENDING',NULL,NULL,6),(7,690000,'2025-11-24 12:16:15.986756','2025-11-24 12:18:20.724701','VNPAY','{vnp_Amount=69000000, vnp_BankCode=NCB, vnp_BankTranNo=VNP15283801, vnp_CardType=ATM, vnp_OrderInfo=Thanh toan don hang:7 Ma: 72887148, vnp_PayDate=20251124121743, vnp_ResponseCode=00, vnp_TmnCode=TJVHIKPP, vnp_TransactionNo=15283801, vnp_TransactionStatus=00, vnp_TxnRef=72887148, vnp_SecureHash=5ce1ad9000c7dbef350e0185a1b65dc7f97efdbc2b26aefe8aa0d1c95520e7eda7dce2867f755fcb6c4b803ad4d9169eb0aa99d8e085589b5fc74469da636f06}','COMPLETED','15283801','72887148',7),(8,189000,'2025-11-24 12:19:55.323921',NULL,'CASH',NULL,'PENDING',NULL,NULL,8),(9,1640000,'2025-11-24 12:20:31.155811',NULL,'CASH',NULL,'PENDING',NULL,NULL,9),(10,623000,'2025-11-24 12:23:09.391034',NULL,'VNPAY',NULL,'FAILED',NULL,'49476508',10),(11,623000,'2025-11-24 12:23:31.248896',NULL,'CASH',NULL,'PENDING',NULL,NULL,11),(12,750000,'2025-11-24 12:24:28.332791',NULL,'VNPAY',NULL,'FAILED',NULL,'88446365',12),(13,300000,'2025-11-24 12:33:06.079099','2025-11-24 12:33:44.156023','VNPAY','{vnp_Amount=30000000, vnp_BankCode=NCB, vnp_BankTranNo=VNP15283825, vnp_CardType=ATM, vnp_OrderInfo=Thanh toan don hang:13 Ma: 72665988, vnp_PayDate=20251124123336, vnp_ResponseCode=00, vnp_TmnCode=TJVHIKPP, vnp_TransactionNo=15283825, vnp_TransactionStatus=00, vnp_TxnRef=72665988, vnp_SecureHash=409b665db262fa94d6469b236934e9e4bb7b7f426791f26bde77c2bb0eef5881f4acd5ba9f0124c5f0fb46e4eb641d83fafbfed233983c8eac94cf83d2610da3}','COMPLETED','15283825','72665988',13),(14,1380000,'2025-11-24 12:37:02.328450',NULL,'CASH',NULL,'COMPLETED',NULL,NULL,14),(15,400000,'2025-11-24 12:40:29.738313',NULL,'CASH',NULL,'COMPLETED',NULL,NULL,15),(16,690000,'2025-11-24 14:14:25.431792',NULL,'VNPAY',NULL,'FAILED',NULL,'25425787',16),(17,690000,'2025-11-24 14:17:12.862474',NULL,'VNPAY',NULL,'FAILED',NULL,'45385539',17),(18,690000,'2025-11-24 14:26:07.889815',NULL,'VNPAY',NULL,'FAILED',NULL,'49292126',18),(19,690000,'2025-11-24 15:03:00.956196',NULL,'CASH',NULL,'COMPLETED',NULL,NULL,19),(20,366000,'2025-11-24 15:37:28.083162',NULL,'CASH',NULL,'COMPLETED',NULL,NULL,20),(21,1369300,'2025-11-24 15:46:03.247186',NULL,'CASH',NULL,'COMPLETED',NULL,NULL,21),(22,366000,'2025-11-24 16:09:26.987630',NULL,'CASH',NULL,'COMPLETED',NULL,NULL,22),(23,623000,'2025-11-24 16:10:39.453566',NULL,'CASH',NULL,'COMPLETED',NULL,NULL,23),(24,300000,'2025-11-24 17:08:52.608704',NULL,'VNPAY','{vnp_Amount=30000000, vnp_BankCode=VNPAY, vnp_CardType=QRCODE, vnp_OrderInfo=Thanh toan don hang:24 Ma: 71607346, vnp_PayDate=20251124170852, vnp_ResponseCode=24, vnp_TmnCode=TJVHIKPP, vnp_TransactionNo=0, vnp_TransactionStatus=02, vnp_TxnRef=71607346, vnp_SecureHash=7b2465fae22ce9b802ded4bd942328a1f3612c08ff683265f92d35b13f379b4fe85ecdfde4a89431c298e03a73f920fc22d4e21dc68f88a73465e3792ae1e369}','FAILED',NULL,'71607346',24),(25,366000,'2025-11-24 17:13:43.434578','2025-11-24 17:14:23.448799','VNPAY','{vnp_Amount=36600000, vnp_BankCode=NCB, vnp_BankTranNo=VNP15284625, vnp_CardType=ATM, vnp_OrderInfo=Thanh toan don hang:25 Ma: 09882183, vnp_PayDate=20251124171418, vnp_ResponseCode=00, vnp_TmnCode=TJVHIKPP, vnp_TransactionNo=15284625, vnp_TransactionStatus=00, vnp_TxnRef=09882183, vnp_SecureHash=bf0ac6343c69370ed745eeec9e1a16056f1118ace7a45821ef2306c4669311ed1e3c707b8b10bf87477cb249362bc075d2e49d7b35edf61d137273133473d1b0}','COMPLETED','15284625','09882183',25),(26,359680,'2025-11-24 17:53:38.908092','2025-11-24 17:54:17.921972','VNPAY','{vnp_Amount=35968000, vnp_BankCode=NCB, vnp_BankTranNo=VNP15284722, vnp_CardType=ATM, vnp_OrderInfo=Thanh toan don hang:26 Ma: 83608353, vnp_PayDate=20251124175409, vnp_ResponseCode=00, vnp_TmnCode=TJVHIKPP, vnp_TransactionNo=15284722, vnp_TransactionStatus=00, vnp_TxnRef=83608353, vnp_SecureHash=4d87b4693bece85dd0b348c8fb41006f1b954b341a94d72fc51e79cfe56e9de9983af345d9569cd0855c654fd023e88a33fa026ecfe488d242527970215251c3}','COMPLETED','15284722','83608353',26),(27,359680,'2025-11-24 17:54:33.593919',NULL,'VNPAY',NULL,'FAILED',NULL,'09079896',27),(28,300000,'2025-11-24 18:14:35.668118',NULL,'VNPAY',NULL,'FAILED',NULL,'39822265',28),(29,300000,'2025-11-24 18:17:11.218476',NULL,'VNPAY',NULL,'FAILED',NULL,'32014862',29),(30,300000,'2025-11-24 18:27:49.516213',NULL,'VNPAY',NULL,'FAILED',NULL,'68852085',30),(31,189000,'2025-11-24 18:31:39.300834',NULL,'VNPAY',NULL,'FAILED',NULL,'03465528',31),(32,189000,'2025-11-24 18:31:44.264869','2025-11-24 18:32:09.879183','VNPAY','{vnp_Amount=18900000, vnp_BankCode=NCB, vnp_BankTranNo=VNP15284795, vnp_CardType=ATM, vnp_OrderInfo=Thanh toan don hang:32 Ma: 79731446, vnp_PayDate=20251124183204, vnp_ResponseCode=00, vnp_TmnCode=TJVHIKPP, vnp_TransactionNo=15284795, vnp_TransactionStatus=00, vnp_TxnRef=79731446, vnp_SecureHash=f2f9f0d993d84ad32429ca8b451efc4a99d83ce799257a86880c3a91896ca87ddb0e9e5663f735004947b42e10f2f7b2bc58a2bdbf00cd910c1ef1b8cb2d12e8}','COMPLETED','15284795','79731446',32),(33,529300,'2025-11-24 18:41:19.403553','2025-11-24 18:41:36.831248','VNPAY','{vnp_Amount=52930000, vnp_BankCode=NCB, vnp_BankTranNo=VNP15284810, vnp_CardType=ATM, vnp_OrderInfo=Thanh toan don hang:33 Ma: 82444264, vnp_PayDate=20251124184130, vnp_ResponseCode=00, vnp_TmnCode=TJVHIKPP, vnp_TransactionNo=15284810, vnp_TransactionStatus=00, vnp_TxnRef=82444264, vnp_SecureHash=4bb69dbd7cea805c786ba96105aa3236c413fde3f0ee2aa82e285c7d377df452c8d4654051866cdf93a05370d7ad809982fd08b92e65184e66783fb8a2be11b6}','COMPLETED','15284810','82444264',33),(34,529300,'2025-11-24 18:41:43.267523',NULL,'VNPAY',NULL,'FAILED',NULL,'50132472',34),(35,529300,'2025-11-24 18:41:50.821491',NULL,'VNPAY',NULL,'FAILED',NULL,'98179157',35),(36,529300,'2025-11-24 18:41:58.964792',NULL,'VNPAY',NULL,'FAILED',NULL,'39638270',36),(37,185000,'2025-11-24 18:44:19.533017',NULL,'VNPAY',NULL,'COMPLETED',NULL,'78096714',37),(38,495000,'2025-11-24 18:51:56.648920','2025-11-24 19:02:18.302381','VNPAY','{vnp_Amount=49500000, vnp_BankCode=NCB, vnp_BankTranNo=VNP15284834, vnp_CardType=ATM, vnp_OrderInfo=Thanh toan don hang:38 Ma: 33101065, vnp_PayDate=20251124190205, vnp_ResponseCode=00, vnp_TmnCode=TJVHIKPP, vnp_TransactionNo=15284834, vnp_TransactionStatus=00, vnp_TxnRef=33101065, vnp_SecureHash=7218f0f3ce7eb00506c3b0e952214abe5667a21b724281382665b49c7f19403c4ba5ab576a5a4210eaf7fb41f8aed652d55c0bcfcbb1139fba4c13e826f95c8c}','COMPLETED','15284834','33101065',38),(39,560000,'2025-11-24 19:10:11.728391',NULL,'VNPAY',NULL,'FAILED',NULL,'60889084',39),(40,1587900,'2025-11-24 23:14:23.950727',NULL,'CASH',NULL,'PENDING',NULL,NULL,40),(41,690000,'2025-11-24 23:54:02.185513','2025-11-24 23:55:06.613936','VNPAY','{vnp_Amount=69000000, vnp_BankCode=NCB, vnp_BankTranNo=VNP15285277, vnp_CardType=ATM, vnp_OrderInfo=Thanh toan don hang:41 Ma: 04940695, vnp_PayDate=20251124235500, vnp_ResponseCode=00, vnp_TmnCode=TJVHIKPP, vnp_TransactionNo=15285277, vnp_TransactionStatus=00, vnp_TxnRef=04940695, vnp_SecureHash=d2fb4506b8209b40ea706b07046a5ffbc641d62bebf4011c5e4a065a610e2dcf3b485fa61b8f3837e25e4b5ddb805620002d3b8b89ddd13a0f1574521ffdf515}','COMPLETED','15285277','04940695',41),(42,366000,'2025-11-24 23:55:56.011939',NULL,'VNPAY',NULL,'FAILED',NULL,'53141433',42),(43,690000,'2025-11-24 23:56:12.308434',NULL,'VNPAY','{vnp_Amount=69000000, vnp_BankCode=VNPAY, vnp_CardType=QRCODE, vnp_OrderInfo=Thanh toan don hang:43 Ma: 98852598, vnp_PayDate=20251124235612, vnp_ResponseCode=15, vnp_TmnCode=TJVHIKPP, vnp_TransactionNo=0, vnp_TransactionStatus=02, vnp_TxnRef=98852598, vnp_SecureHash=38e592856971efb702b6c48fdfcc95f8d1466ce359731e16d489cba969e629c54bf2e147a8685e628b371565135436e9f3f35391f241cf5fc67ab728abee5810}','FAILED',NULL,'98852598',43),(44,300000,'2025-11-24 23:58:39.669566','2025-11-25 00:03:27.569847','VNPAY','{vnp_Amount=30000000, vnp_BankCode=NCB, vnp_BankTranNo=VNP15285292, vnp_CardType=ATM, vnp_OrderInfo=Thanh toan don hang:44 Ma: 57273456, vnp_PayDate=20251125000322, vnp_ResponseCode=00, vnp_TmnCode=TJVHIKPP, vnp_TransactionNo=15285292, vnp_TransactionStatus=00, vnp_TxnRef=57273456, vnp_SecureHash=880cc46ddf08fa527d31820dc7e4587ece676222f0cb9672da492d0eef44330d755315f1d7649876608902134832463ee5e940f90195d9657bdb0fd6ee5e0135}','COMPLETED','15285292','57273456',44),(45,690000,'2025-11-24 23:59:53.426886',NULL,'VNPAY',NULL,'FAILED',NULL,'06803286',45),(46,1000000,'2025-11-25 00:04:24.568746',NULL,'VNPAY','{vnp_Amount=100000000, vnp_BankCode=VNPAY, vnp_CardType=QRCODE, vnp_OrderInfo=Thanh toan don hang:46 Ma: 92056811, vnp_PayDate=20251125000425, vnp_ResponseCode=15, vnp_TmnCode=TJVHIKPP, vnp_TransactionNo=0, vnp_TransactionStatus=02, vnp_TxnRef=92056811, vnp_SecureHash=0c5bda48c09decf3212a178c80a91c42df56d273f5a79dfaf708af5e2c51db1c1d7089d356b31bcb41fb0e025a7491d69c7e3291d843fd5cc08b8c6f6db23e24}','FAILED',NULL,'92056811',46),(47,623000,'2025-11-25 00:06:32.755897',NULL,'CASH',NULL,'PENDING',NULL,NULL,47),(48,623000,'2025-11-25 00:06:38.145543',NULL,'VNPAY',NULL,'FAILED',NULL,'27397582',48),(49,690000,'2025-11-25 00:25:41.741903',NULL,'CASH',NULL,'COMPLETED',NULL,NULL,49),(50,690000,'2025-11-25 00:32:02.189552',NULL,'CASH',NULL,'COMPLETED',NULL,NULL,50),(51,690000,'2025-11-25 00:34:03.778507',NULL,'CASH',NULL,'PENDING',NULL,NULL,51),(52,378000,'2025-11-25 01:23:34.581435',NULL,'VNPAY',NULL,'FAILED',NULL,'84371412',52),(53,366000,'2025-11-25 13:22:35.490255','2025-11-25 13:24:44.476047','VNPAY','{vnp_Amount=36600000, vnp_BankCode=NCB, vnp_BankTranNo=VNP15299718, vnp_CardType=ATM, vnp_OrderInfo=Thanh toan don hang:53 Ma: 11793248, vnp_PayDate=20251125132300, vnp_ResponseCode=00, vnp_TmnCode=TJVHIKPP, vnp_TransactionNo=15299718, vnp_TransactionStatus=00, vnp_TxnRef=11793248, vnp_SecureHash=3dc5fc9a8a11996e39c5753dd7489bcb72fba49f3310abac284d27b8c9cdf6faed1b0ac0dfde32a4dbb413098902ec2b6747e2aa8a1aae94c66c8b6f59014525}','COMPLETED','15299718','11793248',53),(54,366000,'2025-11-25 13:28:36.813002','2025-11-25 13:33:30.684727','VNPAY','{vnp_Amount=36600000, vnp_BankCode=NCB, vnp_BankTranNo=VNP15299733, vnp_CardType=ATM, vnp_OrderInfo=Thanh toan don hang:54 Ma: 52349271, vnp_PayDate=20251125132859, vnp_ResponseCode=00, vnp_TmnCode=TJVHIKPP, vnp_TransactionNo=15299733, vnp_TransactionStatus=00, vnp_TxnRef=52349271, vnp_SecureHash=a3fad0adbbeee8ae8103cef97dac1327b7ec4f95a8379e1dbc6f70391d56dc89ee31c9a5bb3e1f70686f3ff8c2d4f66dfad2c4d53d036593d4ac66a93b062b8a}','COMPLETED','15299733','52349271',54),(55,366000,'2025-11-25 13:38:14.826561','2025-11-25 13:38:58.774476','VNPAY','{vnp_Amount=36600000, vnp_BankCode=NCB, vnp_BankTranNo=VNP15299764, vnp_CardType=ATM, vnp_OrderInfo=Thanh toan don hang:55 Ma: 66493176, vnp_PayDate=20251125133853, vnp_ResponseCode=00, vnp_TmnCode=TJVHIKPP, vnp_TransactionNo=15299764, vnp_TransactionStatus=00, vnp_TxnRef=66493176, vnp_SecureHash=976547d5e8d187cfe3b7f3a0c976915803b9b5fb053a1067cf99b01cbb116b808f109bcd9ecf9692fe8a84231dc076607765e87053cdfe2596708cab88054144}','COMPLETED','15299764','66493176',55),(56,690000,'2025-11-25 14:01:28.632606',NULL,'VNPAY',NULL,'FAILED',NULL,'02299504',56),(57,366000,'2025-11-25 14:12:40.880702','2025-11-25 14:13:13.719248','VNPAY','{vnp_Amount=36600000, vnp_BankCode=NCB, vnp_BankTranNo=VNP15299880, vnp_CardType=ATM, vnp_OrderInfo=Thanh toan don hang:57 Ma: 37099523, vnp_PayDate=20251125141307, vnp_ResponseCode=00, vnp_TmnCode=TJVHIKPP, vnp_TransactionNo=15299880, vnp_TransactionStatus=00, vnp_TxnRef=37099523, vnp_SecureHash=4f472bdb1ef3cce7b68f0ecbe80dfed30fac4683bbd0dd490d365484d081426bdcdfbc242a00dfe32695cbfb205c23fa5881d3fda504af8a464bdfcb0fd30dd6}','COMPLETED','15299880','37099523',57),(58,366000,'2025-11-25 14:13:44.750666',NULL,'VNPAY',NULL,'FAILED',NULL,'65232330',58),(59,366000,'2025-11-25 14:14:56.189043',NULL,'VNPAY',NULL,'FAILED',NULL,'42251233',59),(60,366000,'2025-11-25 14:16:36.200781',NULL,'VNPAY',NULL,'FAILED',NULL,'21224118',60),(61,366000,'2025-11-25 14:18:22.016263',NULL,'VNPAY',NULL,'FAILED',NULL,'07388853',61),(62,732000,'2025-11-25 14:23:18.319768','2025-11-25 14:23:49.170408','VNPAY','{vnp_Amount=73200000, vnp_BankCode=NCB, vnp_BankTranNo=VNP15299915, vnp_CardType=ATM, vnp_OrderInfo=Thanh toan don hang:62 Ma: 78097724, vnp_PayDate=20251125142342, vnp_ResponseCode=00, vnp_TmnCode=TJVHIKPP, vnp_TransactionNo=15299915, vnp_TransactionStatus=00, vnp_TxnRef=78097724, vnp_SecureHash=dfdf887faacdc1e96b2923fc1001234a8fd125837697318c4195c8aabcd3c003149b8528d5001d14fa9d24a47b2bb873010f733fbdf197baef1d4ac87a88ac1b}','COMPLETED','15299915','78097724',62),(63,359680,'2025-11-25 14:24:15.070908',NULL,'CASH',NULL,'COMPLETED',NULL,NULL,63),(64,359680,'2025-11-25 14:24:20.374839',NULL,'VNPAY',NULL,'FAILED',NULL,'10834002',64),(65,690000,'2025-11-25 14:37:52.183576',NULL,'VNPAY',NULL,'FAILED',NULL,'77844970',65),(66,300000,'2025-11-25 14:47:09.689572',NULL,'CASH',NULL,'COMPLETED',NULL,NULL,66),(67,690000,'2025-11-25 14:49:40.232752',NULL,'CASH',NULL,'PENDING',NULL,NULL,67),(68,718000,'2025-11-25 15:33:06.722434','2025-11-25 15:35:54.825262','VNPAY','{vnp_Amount=71800000, vnp_BankCode=NCB, vnp_BankTranNo=VNP15300159, vnp_CardType=ATM, vnp_OrderInfo=Thanh toan don hang:68 Ma: 98648208, vnp_PayDate=20251125153542, vnp_ResponseCode=00, vnp_TmnCode=TJVHIKPP, vnp_TransactionNo=15300159, vnp_TransactionStatus=00, vnp_TxnRef=98648208, vnp_SecureHash=4e402af5414309cea27aa5cfcc4f4853d797786e66c6c672047253dbbe525f23f0462e2f8b7a1c7fbbcfd800ce466b4f68f86a53b212d0b8383c796493543460}','COMPLETED','15300159','98648208',68),(69,590000,'2025-11-25 15:41:09.140034',NULL,'VNPAY','{vnp_Amount=59000000, vnp_BankCode=VNPAY, vnp_CardType=QRCODE, vnp_OrderInfo=Thanh toan don hang:69 Ma: 82179366, vnp_PayDate=20251125154109, vnp_ResponseCode=24, vnp_TmnCode=TJVHIKPP, vnp_TransactionNo=0, vnp_TransactionStatus=02, vnp_TxnRef=82179366, vnp_SecureHash=47524f0b6ea0ffe8ec68e486c0a7717e9e219f6df67b1cd9bdf1e7efcb68f083d641863c6079a6de0e587e996d0874e687821dfcca4bbe399ad640afd48cf29b}','FAILED',NULL,'82179366',69),(70,359000,'2025-11-25 16:34:13.939551','2025-11-25 16:35:04.150542','VNPAY','{vnp_Amount=35900000, vnp_BankCode=NCB, vnp_BankTranNo=VNP15300346, vnp_CardType=ATM, vnp_OrderInfo=Thanh toan don hang:70 Ma: 05703042, vnp_PayDate=20251125163458, vnp_ResponseCode=00, vnp_TmnCode=TJVHIKPP, vnp_TransactionNo=15300346, vnp_TransactionStatus=00, vnp_TxnRef=05703042, vnp_SecureHash=ebf904dfcfaf9f17c06a97458fa82d78456456318f17450f951cee7e68939c37fdc9c86d6574473d91745aafd8fcee443263418052adc638d13a9457c36c103c}','COMPLETED','15300346','05703042',70),(71,978000,'2025-11-25 20:22:57.155141',NULL,'CASH',NULL,'COMPLETED',NULL,NULL,71),(72,718000,'2025-11-25 22:28:10.711095','2025-11-25 22:28:51.823439','VNPAY','{vnp_Amount=71800000, vnp_BankCode=NCB, vnp_BankTranNo=VNP15301062, vnp_CardType=ATM, vnp_OrderInfo=Thanh toan don hang:72 Ma: 33044906, vnp_PayDate=20251125222840, vnp_ResponseCode=00, vnp_TmnCode=TJVHIKPP, vnp_TransactionNo=15301062, vnp_TransactionStatus=00, vnp_TxnRef=33044906, vnp_SecureHash=c580bc1e423d69c9eac66f3bfcca3b2cc6c4a109d04103daf52eaa4b4b99509e210241c53ac2a6e7b64d28a72a3cebec37737dc1bb4dd32220d341331d18e6c1}','COMPLETED','15301062','33044906',72),(73,250000,'2025-11-26 00:59:06.651272',NULL,'VNPAY','{vnp_Amount=25000000, vnp_BankCode=VNPAY, vnp_CardType=QRCODE, vnp_OrderInfo=Thanh toan don hang:73 Ma: 72183927, vnp_PayDate=20251126005907, vnp_ResponseCode=24, vnp_TmnCode=TJVHIKPP, vnp_TransactionNo=0, vnp_TransactionStatus=02, vnp_TxnRef=72183927, vnp_SecureHash=a12ee54b9018aea2a29d86aef136e6afd664e9b51dbb100d0fe105f4dca2c8e6a3854c120170d15331c9322565d81f46b0ac61f20479ec13f9f9cdeb7c5a129d}','FAILED',NULL,'72183927',73),(74,300000,'2025-11-26 13:06:48.249927',NULL,'VNPAY','{vnp_Amount=30000000, vnp_BankCode=VNPAY, vnp_CardType=QRCODE, vnp_OrderInfo=Thanh toan don hang:74 Ma: 84085770, vnp_PayDate=20251126130648, vnp_ResponseCode=15, vnp_TmnCode=TJVHIKPP, vnp_TransactionNo=0, vnp_TransactionStatus=02, vnp_TxnRef=84085770, vnp_SecureHash=3da37394ca4d28670be0054153d01ac2c744f5fad089c039106ce124f92248603e3f94aaa1868d8e18fb8040c6baefb00790e6201b3d07ad9398e512fbd2e73e}','FAILED',NULL,'84085770',74),(75,359000,'2025-11-26 15:35:08.843368','2025-11-26 15:36:22.662435','VNPAY','{vnp_Amount=35900000, vnp_BankCode=NCB, vnp_BankTranNo=VNP15302676, vnp_CardType=ATM, vnp_OrderInfo=Thanh toan don hang:75 Ma: 71312393, vnp_PayDate=20251126153609, vnp_ResponseCode=00, vnp_TmnCode=TJVHIKPP, vnp_TransactionNo=15302676, vnp_TransactionStatus=00, vnp_TxnRef=71312393, vnp_SecureHash=2aa20b54308d029059c05010c32b26ac70117c8f8a630efd3ec33c6a118031cd0c0aa4d3bb8357cce60fcb8d043fac8b68603d61324774029760cfbd5ca71b9f}','COMPLETED','15302676','71312393',75),(76,489000,'2025-11-26 15:37:24.579155',NULL,'VNPAY','{vnp_Amount=48900000, vnp_BankCode=VNPAY, vnp_CardType=QRCODE, vnp_OrderInfo=Thanh toan don hang:76 Ma: 51360309, vnp_PayDate=20251126153725, vnp_ResponseCode=24, vnp_TmnCode=TJVHIKPP, vnp_TransactionNo=0, vnp_TransactionStatus=02, vnp_TxnRef=51360309, vnp_SecureHash=c4e42bc24664ed1a838cb1d36c4049d01e1a40475ec64d4e857fb03414476e4c64b3b2afbc3967982c3f42d534051697c689a92670efd2dfceaa735a747bfea3}','FAILED',NULL,'51360309',76),(77,359000,'2025-11-26 15:38:34.586700','2025-11-26 15:39:10.144366','VNPAY','{vnp_Amount=35900000, vnp_BankCode=NCB, vnp_BankTranNo=VNP15302688, vnp_CardType=ATM, vnp_OrderInfo=Thanh toan don hang:77 Ma: 79382892, vnp_PayDate=20251126153905, vnp_ResponseCode=00, vnp_TmnCode=TJVHIKPP, vnp_TransactionNo=15302688, vnp_TransactionStatus=00, vnp_TxnRef=79382892, vnp_SecureHash=e623caabe9c1f197cfdcfabd81893bff49295fc272753bbd900b4d5a36f5c926e0263d78b0d8291b01988e4eae8d2ba6cc62d3ce2215e51c60c2cc29122373f5}','COMPLETED','15302688','79382892',77),(78,489000,'2025-11-26 18:10:27.323103','2025-11-26 18:11:05.565138','VNPAY','{vnp_Amount=48900000, vnp_BankCode=NCB, vnp_BankTranNo=VNP15303170, vnp_CardType=ATM, vnp_OrderInfo=Thanh toan don hang:78 Ma: 84872770, vnp_PayDate=20251126181100, vnp_ResponseCode=00, vnp_TmnCode=TJVHIKPP, vnp_TransactionNo=15303170, vnp_TransactionStatus=00, vnp_TxnRef=84872770, vnp_SecureHash=e0d071f985a2fe652aef1762b7862d6dd74b80c9d343e9af529ae27aa8a292a0a654e4eb07d59a26e6dd1d2b7a664bded09c23ce73044284db27968777eed2f2}','COMPLETED','15303170','84872770',78),(79,359000,'2025-11-26 23:15:33.590719',NULL,'CASH',NULL,'PENDING',NULL,NULL,79),(80,489000,'2025-11-26 23:15:52.282374',NULL,'CASH',NULL,'PENDING',NULL,NULL,80),(81,978000,'2025-11-26 23:16:01.459293',NULL,'CASH',NULL,'PENDING',NULL,NULL,81),(82,690000,'2025-11-26 23:17:02.034251','2025-11-26 23:18:15.814577','VNPAY','{vnp_Amount=69000000, vnp_BankCode=NCB, vnp_BankTranNo=VNP15303805, vnp_CardType=ATM, vnp_OrderInfo=Thanh toan don hang:82 Ma: 77906911, vnp_PayDate=20251126231809, vnp_ResponseCode=00, vnp_TmnCode=TJVHIKPP, vnp_TransactionNo=15303805, vnp_TransactionStatus=00, vnp_TxnRef=77906911, vnp_SecureHash=adf0927fdc72243a2f6ba73ee5cfcd9acb32ad8af9df2bcaaeb08e0acf0f4af0b4d5696440a4ecf481da9d7e3a27450820b991b8f5a3f475aa7ee7bfc03b4c46}','COMPLETED','15303805','77906911',82),(83,404640,'2025-11-26 23:17:02.137317','2025-11-26 23:17:29.593545','VNPAY','{vnp_Amount=40464000, vnp_BankCode=NCB, vnp_BankTranNo=VNP15303800, vnp_CardType=ATM, vnp_OrderInfo=Thanh toan don hang:83 Ma: 57160111, vnp_PayDate=20251126231724, vnp_ResponseCode=00, vnp_TmnCode=TJVHIKPP, vnp_TransactionNo=15303800, vnp_TransactionStatus=00, vnp_TxnRef=57160111, vnp_SecureHash=312597905d33383566b86a41796c2bd42ccc71f9bc114da834f153582ab760e607c40af9e010e2bda49d3c7efc69aeaa6b1daddfe4291bb0f904c5b0ef7d0782}','COMPLETED','15303800','57160111',83),(84,404640,'2025-11-26 23:17:48.817990',NULL,'VNPAY',NULL,'FAILED',NULL,'79282750',84),(85,404640,'2025-11-26 23:18:08.474890',NULL,'VNPAY','{vnp_Amount=40464000, vnp_BankCode=VNPAY, vnp_CardType=QRCODE, vnp_OrderInfo=Thanh toan don hang:85 Ma: 93245262, vnp_PayDate=20251126231808, vnp_ResponseCode=24, vnp_TmnCode=TJVHIKPP, vnp_TransactionNo=0, vnp_TransactionStatus=02, vnp_TxnRef=93245262, vnp_SecureHash=e24d669564ad4296a6355de7915465119216f67ac511c8b572ac67a16a611c1b94fa80dbc7013ecb9beebb4bf564345d52bed25ab3925eeab5e1f531db57c9b8}','FAILED',NULL,'93245262',85),(86,404640,'2025-11-26 23:18:31.289483',NULL,'CASH',NULL,'COMPLETED',NULL,NULL,86),(87,800000,'2025-11-26 23:18:40.480677','2025-11-26 23:19:11.499935','VNPAY','{vnp_Amount=80000000, vnp_BankCode=NCB, vnp_BankTranNo=VNP15303809, vnp_CardType=ATM, vnp_OrderInfo=Thanh toan don hang:87 Ma: 70987587, vnp_PayDate=20251126231905, vnp_ResponseCode=00, vnp_TmnCode=TJVHIKPP, vnp_TransactionNo=15303809, vnp_TransactionStatus=00, vnp_TxnRef=70987587, vnp_SecureHash=233e8e5fd2160e3e634ba12113a7a7c6eefeef7d5af5ea282570f6ea3e376651b556780932e4a16fabe58dafea4a30ef289fc4053d2e11ccdda51c552810d06d}','COMPLETED','15303809','70987587',87),(88,404640,'2025-11-26 23:20:21.924470',NULL,'VNPAY','{vnp_Amount=40464000, vnp_BankCode=VNPAY, vnp_CardType=QRCODE, vnp_OrderInfo=Thanh toan don hang:88 Ma: 03378216, vnp_PayDate=20251126232022, vnp_ResponseCode=24, vnp_TmnCode=TJVHIKPP, vnp_TransactionNo=0, vnp_TransactionStatus=02, vnp_TxnRef=03378216, vnp_SecureHash=d23d9e0c8bac5acf0ab1950009a1034e489218b3a0ec60978072274da1d1949c940484e49b906511ab9771f7eea27f97876761c41ae08999e0c74a297a517adc}','FAILED',NULL,'03378216',88),(89,404640,'2025-11-27 02:22:04.463042',NULL,'CASH',NULL,'COMPLETED',NULL,NULL,89),(90,359000,'2025-11-27 02:42:36.040587',NULL,'CASH',NULL,'PENDING',NULL,NULL,90),(91,359000,'2025-11-27 02:49:09.887647',NULL,'CASH',NULL,'PENDING',NULL,NULL,91),(92,359000,'2025-11-27 02:49:38.187953',NULL,'CASH',NULL,'PENDING',NULL,NULL,92),(93,359000,'2025-11-27 02:49:58.233925',NULL,'CASH',NULL,'COMPLETED',NULL,NULL,93),(94,359000,'2025-11-27 02:53:28.949827',NULL,'VNPAY',NULL,'FAILED',NULL,'08964282',94),(95,359000,'2025-11-27 02:53:36.746188',NULL,'VNPAY',NULL,'FAILED',NULL,'88922270',95),(96,359000,'2025-11-28 00:59:05.026008','2025-11-28 00:59:58.337627','VNPAY','{vnp_Amount=35900000, vnp_BankCode=NCB, vnp_BankTranNo=VNP15306914, vnp_CardType=ATM, vnp_OrderInfo=Thanh toan don hang:96 Ma: 82716821, vnp_PayDate=20251128005940, vnp_ResponseCode=00, vnp_TmnCode=TJVHIKPP, vnp_TransactionNo=15306914, vnp_TransactionStatus=00, vnp_TxnRef=82716821, vnp_SecureHash=7ed98f24bac6706fc65f9acad416bbbe43acd196b8f249f889b2d006e488be0d04c534537dc55161861955defb16022d16c94433a0172e55d7aff493af7bb248}','COMPLETED','15306914','82716821',96),(97,489000,'2025-11-28 01:01:19.688886',NULL,'CASH',NULL,'PENDING',NULL,NULL,97),(98,380000,'2025-11-28 01:01:41.667462','2025-11-28 01:02:10.011834','VNPAY','{vnp_Amount=38000000, vnp_BankCode=NCB, vnp_BankTranNo=VNP15306921, vnp_CardType=ATM, vnp_OrderInfo=Thanh toan don hang:98 Ma: 21549916, vnp_PayDate=20251128010204, vnp_ResponseCode=00, vnp_TmnCode=TJVHIKPP, vnp_TransactionNo=15306921, vnp_TransactionStatus=00, vnp_TxnRef=21549916, vnp_SecureHash=df02ba8a0d4a203ba3a9ec36a56e6dc3d5dfabde750e68617a1d4ae5933388cf3e2030bb28f96b6c6752fd3087993ed466c98e3cd4ed33c6c4e0668f27b271b3}','COMPLETED','15306921','21549916',98),(99,359000,'2025-11-28 01:03:04.538226',NULL,'VNPAY','{vnp_Amount=35900000, vnp_BankCode=VNPAY, vnp_CardType=QRCODE, vnp_OrderInfo=Thanh toan don hang:99 Ma: 00072039, vnp_PayDate=20251128010304, vnp_ResponseCode=24, vnp_TmnCode=TJVHIKPP, vnp_TransactionNo=0, vnp_TransactionStatus=02, vnp_TxnRef=00072039, vnp_SecureHash=8233806e6a7285f13d4784058cb4e4b373d19dbbdd7d95de7bc8f3eff2ea25f27afd5486b1ad7b7f74aa002f38f9e53415535554a69f0a20d57828c748fed78a}','FAILED',NULL,'00072039',99),(100,359000,'2025-11-28 01:04:07.559856',NULL,'VNPAY','{vnp_Amount=35900000, vnp_BankCode=VNPAY, vnp_CardType=QRCODE, vnp_OrderInfo=Thanh toan don hang:100 Ma: 09521326, vnp_PayDate=20251128010407, vnp_ResponseCode=24, vnp_TmnCode=TJVHIKPP, vnp_TransactionNo=0, vnp_TransactionStatus=02, vnp_TxnRef=09521326, vnp_SecureHash=7401bc18646b1613cb20475c7ecf8a536db818fd5a16d513a1d0938a35eb127f83a60c43248a65a8b7aaa5b75ae0497e08f77c21fee1c57aa0cad9fe1990053c}','FAILED',NULL,'09521326',100),(101,489000,'2025-11-28 01:04:55.630162','2025-11-28 01:05:22.761221','VNPAY','{vnp_Amount=48900000, vnp_BankCode=NCB, vnp_BankTranNo=VNP15306927, vnp_CardType=ATM, vnp_OrderInfo=Thanh toan don hang:101 Ma: 61337450, vnp_PayDate=20251128010517, vnp_ResponseCode=00, vnp_TmnCode=TJVHIKPP, vnp_TransactionNo=15306927, vnp_TransactionStatus=00, vnp_TxnRef=61337450, vnp_SecureHash=bec272618ea97ed1122b4b286caae7f0dea509f63475ab2db593e1b6f53fd408f701df5a58cfc1619f64cfbbc848de3704e9b9274d609067650b8ff1fce051da}','COMPLETED','15306927','61337450',101),(102,590000,'2025-11-28 01:12:57.947902',NULL,'VNPAY','{vnp_Amount=59000000, vnp_BankCode=VNPAY, vnp_CardType=QRCODE, vnp_OrderInfo=Thanh toan don hang:102 Ma: 96575358, vnp_PayDate=20251128011258, vnp_ResponseCode=24, vnp_TmnCode=TJVHIKPP, vnp_TransactionNo=0, vnp_TransactionStatus=02, vnp_TxnRef=96575358, vnp_SecureHash=277c1db4b185d6bf8716c148fa4874d66b222604ce819388634aaf746f99b98ce81904012fe9661cd3b0b0ccbdc82a03fe2bd0bb351d96991c49b4b092351d46}','FAILED',NULL,'96575358',102),(103,590000,'2025-11-28 01:13:27.483021',NULL,'VNPAY','{vnp_Amount=59000000, vnp_BankCode=VNPAY, vnp_CardType=QRCODE, vnp_OrderInfo=Thanh toan don hang:103 Ma: 57639692, vnp_PayDate=20251128011327, vnp_ResponseCode=24, vnp_TmnCode=TJVHIKPP, vnp_TransactionNo=0, vnp_TransactionStatus=02, vnp_TxnRef=57639692, vnp_SecureHash=cad4996fe158bad5cc3ae27898ebfc6a4824ff861282127f3bbdb625c1a3a0c5dcd1aeb72b3081f6204244fa9eba3e7e9ce19a9ffc87b208ce935ce0e4adc9bf}','FAILED',NULL,'57639692',103),(104,590000,'2025-11-28 01:15:51.479203',NULL,'VNPAY',NULL,'FAILED',NULL,'42944655',104),(105,590000,'2025-11-28 01:16:13.987863',NULL,'VNPAY',NULL,'FAILED',NULL,'48984214',105),(106,189000,'2026-01-12 22:54:28.725358',NULL,'VNPAY',NULL,'FAILED',NULL,'74160824',106),(107,690000,'2026-01-12 23:07:05.212628',NULL,'VNPAY',NULL,'FAILED',NULL,'84098623',107);
/*!40000 ALTER TABLE `payments` ENABLE KEYS */;
UNLOCK TABLES;

--
-- Table structure for table `permission`
--

DROP TABLE IF EXISTS `permission`;
/*!40101 SET @saved_cs_client     = @@character_set_client */;
/*!50503 SET character_set_client = utf8mb4 */;
CREATE TABLE `permission` (
  `name_permission` varchar(255) NOT NULL,
  `descriptions` varchar(255) DEFAULT NULL,
  PRIMARY KEY (`name_permission`)
) ENGINE=InnoDB DEFAULT CHARSET=utf8mb4 COLLATE=utf8mb4_0900_ai_ci;
/*!40101 SET character_set_client = @saved_cs_client */;

--
-- Dumping data for table `permission`
--

LOCK TABLES `permission` WRITE;
/*!40000 ALTER TABLE `permission` DISABLE KEYS */;
/*!40000 ALTER TABLE `permission` ENABLE KEYS */;
UNLOCK TABLES;

--
-- Table structure for table `product`
--

DROP TABLE IF EXISTS `product`;
/*!40101 SET @saved_cs_client     = @@character_set_client */;
/*!50503 SET character_set_client = utf8mb4 */;
CREATE TABLE `product` (
  `product_id` int NOT NULL AUTO_INCREMENT,
  `created_at` datetime(6) DEFAULT NULL,
  `description` varchar(255) DEFAULT NULL,
  `image` varchar(255) DEFAULT NULL,
  `price` double DEFAULT NULL,
  `title` varchar(255) DEFAULT NULL,
  `category_id` int DEFAULT NULL,
  PRIMARY KEY (`product_id`),
  KEY `FK1mtsbur82frn64de7balymq9s` (`category_id`),
  CONSTRAINT `FK1mtsbur82frn64de7balymq9s` FOREIGN KEY (`category_id`) REFERENCES `category` (`category_id`)
) ENGINE=InnoDB AUTO_INCREMENT=46 DEFAULT CHARSET=utf8mb4 COLLATE=utf8mb4_0900_ai_ci;
/*!40101 SET character_set_client = @saved_cs_client */;

--
-- Dumping data for table `product`
--

LOCK TABLES `product` WRITE;
/*!40000 ALTER TABLE `product` DISABLE KEYS */;
INSERT INTO `product` VALUES (3,'2025-11-18 07:05:30.000000','Trẻ trung, năng động, chuẩn phong cách casual.','https://res.cloudinary.com/de8vli4dk/image/upload/v1762239929/my-app/images/products/aee8de26-4703-459d-8107-35dc41b15196_polo30.jpg',562000,'Áo Polo chất lượng cao',2),(4,'2025-11-18 07:12:36.000000','Sơ mi trắng cổ điển - tinh tế và dễ phối.','https://res.cloudinary.com/de8vli4dk/image/upload/v1762240356/my-app/images/products/6e1e0376-f33f-4067-8e91-3d22434bc5ea_somi11.jpg',500000,'Áo sơ mi lịch lãm',4),(5,'2025-11-18 07:28:49.000000','Sơ mi linen - nhẹ, thoáng, chuẩn phong cách hè.','https://res.cloudinary.com/de8vli4dk/image/upload/v1762241328/my-app/images/products/edc39743-3897-4bbf-b636-0c5ec3ad134a_somi30.jpg',800000,'Áo sơ mi cộc tay phong cách',4),(6,'2025-11-18 07:52:56.000000','Sơ mi caro - năng động, trẻ trung, cá tính.','https://res.cloudinary.com/de8vli4dk/image/upload/v1762242775/my-app/images/products/4313b9f6-0812-4c0a-9ffb-3e6b2c681129_somi40.jpg',750000,'Áo sơ mi dài tay chất lượng cao',4),(7,'2025-11-08 08:34:52.000000','Áo khoác chống nắng dành cho nữ','https://res.cloudinary.com/de8vli4dk/image/upload/v1762245291/my-app/images/products/ea5fe474-d762-4aaa-a5a8-4472fd151bc7_Navy.webp',400000,'Áo khoác nữ chống nắng đa năng',5),(8,'2025-11-04 10:13:50.286017','Áo khoác nữ','https://res.cloudinary.com/de8vli4dk/image/upload/v1762251229/my-app/images/products/5f0a3d70-92a8-4545-b376-0cd38d3b1bc1_Var1.webp',350000,'Áo Khoác Gió Co Giãn 4 Chiều',5),(9,'2025-11-04 10:17:36.868120','Áo khoác nữ nhiều màu sắc','https://res.cloudinary.com/de8vli4dk/image/upload/v1762251456/my-app/images/products/6291409f-08ef-43bc-b4c9-b6b2049f4432_H%E1%BB%93ng.webp',250000,'Áo khoác gió nữ gia đình',5),(10,'2025-11-04 10:20:41.205663','Áo phao ấm áp','https://res.cloudinary.com/de8vli4dk/image/upload/v1762251640/my-app/images/products/5e01b87d-9e86-4838-ba4e-6777a0724738_N%C3%A2u.webp',600000,'Áo phao nữ mũ ẩn',5),(11,'2025-11-04 10:59:14.669022','Ấm áp vào mùa đông','https://res.cloudinary.com/de8vli4dk/image/upload/v1762253953/my-app/images/products/3edf40fe-534f-418e-8341-b9289eb27ebb_Var%201.webp',370000,'Áo khoác len mùa đông',5),(12,'2025-11-04 11:00:38.536178','Vest blazer cho nữ','https://res.cloudinary.com/de8vli4dk/image/upload/v1762254037/my-app/images/products/ab5f3ff9-a8c4-41c3-90c7-5faa91395507_%C4%90en.webp',550000,'Vest nữ dáng blazer',5),(13,'2025-11-04 11:04:08.557651','baby tee','https://res.cloudinary.com/de8vli4dk/image/upload/v1762254247/my-app/images/products/6c2b732c-ee48-4ca4-b53c-98be9c23966d_Xanh.webp',150000,'Áo phông baby tee',6),(14,'2025-11-04 11:05:38.270943','Áo phông thoáng mát','https://res.cloudinary.com/de8vli4dk/image/upload/v1762254337/my-app/images/products/6631d15c-b21e-4f93-b845-fb5df848752c_%C4%90en.webp',120000,'Áo phông nữ cổ rộng',6),(15,'2025-11-04 11:07:38.588927','In hình True or False','https://res.cloudinary.com/de8vli4dk/image/upload/v1762254457/my-app/images/products/a16b7168-7349-4aaa-8b04-608510572f69_%C4%90en.webp',180000,'Áo phông nữ True or False',6),(16,'2025-11-04 11:15:23.602155','Áo polo nữ','https://res.cloudinary.com/de8vli4dk/image/upload/v1762254922/my-app/images/products/6e802814-ffae-4c2e-b2c1-7a92aaa249c2_%C4%90en.webp',200000,'Áo polo nữ ngắn tay cổ phối bo',7),(17,'2025-11-04 16:58:18.598445','Áo polo nữ','https://res.cloudinary.com/de8vli4dk/image/upload/v1762275498/my-app/images/products/2d7d358a-59c0-42f4-9415-0fc4e66e7def_%C4%90%E1%BB%8F.webp',430000,'Áo Polo Ponte Roma Cool In Vai',7),(18,'2025-11-04 17:01:06.636178','Áo sơ mi cộc tay nữ','https://res.cloudinary.com/de8vli4dk/image/upload/v1762275666/my-app/images/products/fd3b455a-72da-4d9d-89f3-dbf9b4211e6c_Blue.webp',240000,'Áo Sơ Mi Cộc Tay',8),(20,'2025-11-04 17:11:46.127028','Versatile fashion','https://res.cloudinary.com/de8vli4dk/image/upload/v1762276305/my-app/images/products/0a3ca51f-f270-446d-9772-1cb7007d1c0d_Tr%E1%BA%AFng.webp',300000,'Áo Sơ Mi Versatile',8),(21,'2025-11-04 17:14:24.051588','Sơ mi dài tay','https://res.cloudinary.com/de8vli4dk/image/upload/v1762276463/my-app/images/products/8de7e32b-3e5b-4af5-bf1e-83dc0f472c4e_K%E1%BA%BB%20xanh.webp',350000,'Sơ Mi Dài Tay Nữ',8),(22,'2025-11-04 17:16:10.876254','Quần âu công sở cho nữ','https://res.cloudinary.com/de8vli4dk/image/upload/v1762276570/my-app/images/products/47c6fbda-c3c2-465b-94e3-cb4a5bc25d9d_Be%20v%C3%A0ng.webp',560000,'Quần Âu Nữ Côn Túi Tam Giác',9),(23,'2025-11-04 17:17:29.906820','Quần dài cho nữ','https://res.cloudinary.com/de8vli4dk/image/upload/v1762276649/my-app/images/products/146dcaeb-3f70-4dfe-ab21-8a5f78d0361a_%C4%90en.webp',380000,'Quần Dài Wide Leg',9),(25,'2025-11-04 17:32:14.415882','Quần tây đẹp','https://res.cloudinary.com/de8vli4dk/image/upload/v1762277533/my-app/images/products/4c1d39b1-e651-41b0-b74e-151aab911b3f_Be.webp',500000,'Quần Tây Nữ Suông Đứng Cạp Trang Trí Đai',9),(26,'2025-11-04 17:36:45.847374','Quần jean','https://res.cloudinary.com/de8vli4dk/image/upload/v1762277805/my-app/images/products/3c06fbd3-11e8-4ab8-9c8a-bc88d0acc5cb_Xanh%20nh%E1%BA%A1t.webp',340000,'Quần Jean Nữ Giấy Tencel Suông Chiết Ly',10),(27,'2025-11-04 17:39:11.690082','Quần jean gai xanh','https://res.cloudinary.com/de8vli4dk/image/upload/v1762277951/my-app/images/products/16413c76-8fcc-4d0a-a586-f336f1231c1e_M%C3%A0u%20ch%C3%A0m.webp',470000,'Quần Jeans Gai Xanh Ống Suông Vặn',10),(28,'2025-11-04 17:40:28.911353','Ống rộng','https://res.cloudinary.com/de8vli4dk/image/upload/v1762278027/my-app/images/products/80a20361-5000-4f95-87fb-7ef3d82f1ac7_Be.webp',340000,'Quần Jeans Nữ Ống Rộng Cạp Cao Can Phối',10),(30,'2025-11-21 01:42:48.045519','Áo Hàn, chất lượng vượt trội với chất liệu xịn','https://res.cloudinary.com/de8vli4dk/image/upload/v1763664167/my-app/images/products/ead9ed6f-c36e-407e-9ee3-eb2978e99a49_khoacc.jpg',1200000,'Áo khoác da Hàn Quốc - Hàng nội địa xách tay',13),(31,'2025-11-21 01:50:36.897356','Áo khoác trơn bán chạy nhất năm','https://res.cloudinary.com/de8vli4dk/image/upload/v1763664636/my-app/images/products/7487400b-b962-4843-ab44-aadcc2713237_k2.jpg',890000,'Áo khoác',13),(32,'2025-11-21 01:53:09.040725','Áo khoác phong cách giới trẻ năng động','https://res.cloudinary.com/de8vli4dk/image/upload/v1763664788/my-app/images/products/e17be2c6-a7a4-48b6-b18b-628f1dcb27dd_k3.jpg',790000,'Áo khoác phong cách',13),(33,'2025-11-21 01:58:51.006322','Quần short chất lượng cao, mát mẻ','https://res.cloudinary.com/de8vli4dk/image/upload/v1763665130/my-app/images/products/5419e838-7dbe-45af-8a46-1146f809d21c_q1.jpg',495000,'Quần short',14),(34,'2025-11-21 02:01:48.091401','Quần thể thao trẻ trung năng động','https://res.cloudinary.com/de8vli4dk/image/upload/v1763665307/my-app/images/products/31bab36d-2375-453b-ba69-8b750808fac2_q2.jpg',189000,'Quần thể thao',14),(35,'2025-11-21 02:03:27.753062','Quần short jean trẻ trung năng động','https://res.cloudinary.com/de8vli4dk/image/upload/v1763665407/my-app/images/products/99eb078c-57d6-4a85-862f-fcfaea54cbd0_q4.jpg',366000,'Quần short jean',14),(36,'2025-11-21 02:05:51.112263','Quần short cao cấp siêu năng động','https://res.cloudinary.com/de8vli4dk/image/upload/v1763665550/my-app/images/products/b9a542bb-0304-43a5-b5e9-63d9bc04c530_q0.jpg',690000,'Quần short cao cấp',14),(37,'2025-11-25 15:14:02.765370','Áo polo mẫu mới - Polo Nam trẻ trung năng động','https://res.cloudinary.com/de8vli4dk/image/upload/v1764058442/my-app/images/products/853b03ba-eb78-4891-861d-ef644a81a19c_Polo.webp',790000,'Áo polo mẫu mới - Polo Nam trẻ trung năng động',2),(38,'2025-11-25 15:15:57.144492','Áo Polo Nam Aden vải siêu mịn','https://res.cloudinary.com/de8vli4dk/image/upload/v1764058556/my-app/images/products/7fe1b1d2-15b6-447c-9e47-e675f7f84f9f_PP.jpg',690000,'Áo Polo Nam Aden',2),(39,'2025-11-25 15:17:41.720670','Áo Polo Nam Ryder Phong cách thượng hạng','https://res.cloudinary.com/de8vli4dk/image/upload/v1764058661/my-app/images/products/e32ebbf9-2c47-4461-b18e-e8a073ede69e_P1.webp',405000,'Áo Polo Nam Ryder',2),(40,'2025-11-25 15:26:48.022217','Áo Thun Nam Tay Dài LIAM SHIRT - chất lượng cao','https://res.cloudinary.com/de8vli4dk/image/upload/v1764059207/my-app/images/products/4869b75b-5f13-484b-8fc4-7e2e7d2112ff_t3.webp',899000,'Áo Thun Nam Tay Dài LIAM SHIRT',15),(41,'2025-11-25 15:28:42.130534','Áo Thun - AT - Local Brand','https://res.cloudinary.com/de8vli4dk/image/upload/v1764059321/my-app/images/products/f4ea6d2e-b6c7-457a-aa8f-3bee0bc682ab_tt.jpg',359000,'Áo Thun - AT - OB1210 BE112',15),(42,'2025-11-25 15:31:10.749956','Áo Thun Tank Top phong cách trẻ trung năng động tôn dáng','https://res.cloudinary.com/de8vli4dk/image/upload/v1764059470/my-app/images/products/55d4200e-b799-4247-85bc-ea11355962d7_thun.webp',299000,'Áo Thun Tank Top',15),(43,'2025-11-25 15:35:34.315886','Quần Dài Nam Smart Fit Khaki siêu mịn','https://res.cloudinary.com/de8vli4dk/image/upload/v1764059733/my-app/images/products/00ec1906-4969-4a5f-b699-916dc293d688_q1.webp',590000,'Quần Dài Nam Smart Fit Khaki',16),(44,'2025-11-25 15:37:33.067846','Quần Tây - QTY phong cách chững chạc','https://res.cloudinary.com/de8vli4dk/image/upload/v1764059852/my-app/images/products/b2e39142-5f39-4fb4-82d7-12092afd03fa_qq1.jpg',489000,'Quần Tây - QTY phong cách',16),(45,'2025-11-25 15:47:04.106733','Quần tây Văn phòng thoải mái, lịch sự','https://res.cloudinary.com/de8vli4dk/image/upload/v1764060423/my-app/images/products/9f2af2fa-e75d-4cb8-921e-254376c48749_q.jpg',359000,'Quần tây Văn phòng',16);
/*!40000 ALTER TABLE `product` ENABLE KEYS */;
UNLOCK TABLES;

--
-- Table structure for table `product_sale`
--

DROP TABLE IF EXISTS `product_sale`;
/*!40101 SET @saved_cs_client     = @@character_set_client */;
/*!50503 SET character_set_client = utf8mb4 */;
CREATE TABLE `product_sale` (
  `id` int NOT NULL AUTO_INCREMENT,
  `sale_value` decimal(3,2) DEFAULT NULL,
  `product_id` int DEFAULT NULL,
  `sale_id` int DEFAULT NULL,
  PRIMARY KEY (`id`),
  KEY `FKn4mby2cj0njhd6s7rbqbf5ujh` (`product_id`),
  KEY `FKcv20l7dh7nw25vs7mootsq89m` (`sale_id`),
  CONSTRAINT `FKcv20l7dh7nw25vs7mootsq89m` FOREIGN KEY (`sale_id`) REFERENCES `sales` (`id`),
  CONSTRAINT `FKn4mby2cj0njhd6s7rbqbf5ujh` FOREIGN KEY (`product_id`) REFERENCES `product` (`product_id`)
) ENGINE=InnoDB AUTO_INCREMENT=24 DEFAULT CHARSET=utf8mb4 COLLATE=utf8mb4_0900_ai_ci;
/*!40101 SET character_set_client = @saved_cs_client */;

--
-- Dumping data for table `product_sale`
--

LOCK TABLES `product_sale` WRITE;
/*!40000 ALTER TABLE `product_sale` DISABLE KEYS */;
INSERT INTO `product_sale` VALUES (7,0.50,10,4),(8,0.50,11,4),(9,0.50,12,4),(13,0.30,30,4),(14,0.33,32,4),(15,0.30,31,4),(17,0.80,40,4),(18,0.28,3,4),(19,0.40,10,5),(20,0.50,11,5),(21,0.58,12,5),(22,0.44,30,5),(23,0.25,44,5);
/*!40000 ALTER TABLE `product_sale` ENABLE KEYS */;
UNLOCK TABLES;

--
-- Table structure for table `product_variation`
--

DROP TABLE IF EXISTS `product_variation`;
/*!40101 SET @saved_cs_client     = @@character_set_client */;
/*!50503 SET character_set_client = utf8mb4 */;
CREATE TABLE `product_variation` (
  `variation_id` int NOT NULL AUTO_INCREMENT,
  `color` varchar(255) DEFAULT NULL,
  `image` varchar(255) DEFAULT NULL,
  `size` varchar(255) DEFAULT NULL,
  `stock_quantity` int DEFAULT NULL,
  `product_id` int DEFAULT NULL,
  PRIMARY KEY (`variation_id`),
  KEY `FKpryf02se86hpv5v7xn5afye4v` (`product_id`),
  CONSTRAINT `FKpryf02se86hpv5v7xn5afye4v` FOREIGN KEY (`product_id`) REFERENCES `product` (`product_id`)
) ENGINE=InnoDB AUTO_INCREMENT=264 DEFAULT CHARSET=utf8mb4 COLLATE=utf8mb4_0900_ai_ci;
/*!40101 SET character_set_client = @saved_cs_client */;

--
-- Dumping data for table `product_variation`
--

LOCK TABLES `product_variation` WRITE;
/*!40000 ALTER TABLE `product_variation` DISABLE KEYS */;
INSERT INTO `product_variation` VALUES (1,'Đen','https://res.cloudinary.com/de8vli4dk/image/upload/v1762240011/my-app/images/products/5b886976-520b-42cd-a76d-cccd8844ee7b_polo31.jpg','L',1,3),(2,'Đen','https://res.cloudinary.com/de8vli4dk/image/upload/v1762240044/my-app/images/products/395e574e-d745-4bca-88dc-f763543ed914_polo31.jpg','XL',9,3),(3,'Trắng','https://res.cloudinary.com/de8vli4dk/image/upload/v1762240101/my-app/images/products/dec3819b-78e2-4eab-a4fe-c3416b315fa2_polo33.jpg','XL',0,3),(4,'Trắng','https://res.cloudinary.com/de8vli4dk/image/upload/v1762240108/my-app/images/products/20c30fd4-0d3b-460b-beaa-0eb9a2201d89_polo33.jpg','L',18,3),(5,'Trắng','https://res.cloudinary.com/de8vli4dk/image/upload/v1762240113/my-app/images/products/c8c4adb2-5c4e-4b27-895b-ef5b76f0d90b_polo33.jpg','M',18,3),(6,'Trắng','https://res.cloudinary.com/de8vli4dk/image/upload/v1762240463/my-app/images/products/108a8179-fcb7-4fe2-b136-7a11b31ebdc8_somi12.jpg','M',0,4),(7,'Trắng','https://res.cloudinary.com/de8vli4dk/image/upload/v1762240473/my-app/images/products/69efbf6d-18dc-471a-9e8a-85178805c338_somi12.jpg','L',5,4),(8,'Lam Nhạt','https://res.cloudinary.com/de8vli4dk/image/upload/v1762240520/my-app/images/products/c2338f36-f84b-4761-a717-ea34bc29ebff_somi13.jpg','L',5,4),(9,'Lam Nhạt','https://res.cloudinary.com/de8vli4dk/image/upload/v1762240528/my-app/images/products/ecd0d5f5-e9c3-41d4-9f32-eea3ef95fa46_somi13.jpg','M',3,4),(10,'Xanh Navi','https://res.cloudinary.com/de8vli4dk/image/upload/v1762240544/my-app/images/products/1a1d2a1a-b584-436a-a7d6-17a917b92bc4_somi14.jpg','M',5,4),(11,'Xanh Navi','https://res.cloudinary.com/de8vli4dk/image/upload/v1762240550/my-app/images/products/e23c053b-2fd7-49fc-ad3b-4376f7cd22a7_somi14.jpg','L',5,4),(12,'Xanh Navi','https://res.cloudinary.com/de8vli4dk/image/upload/v1762240554/my-app/images/products/ab741276-9a4a-4cd5-956d-058cd21a675d_somi14.jpg','XL',5,4),(13,'Xanh nhạt','https://res.cloudinary.com/de8vli4dk/image/upload/v1762242004/my-app/images/products/9a84c91c-645c-4717-a854-ce07e3546652_somi31.jpg','XL',5,5),(14,'Xanh nhạt','https://res.cloudinary.com/de8vli4dk/image/upload/v1762242039/my-app/images/products/67b68a76-66f1-49d0-b5a8-b8b4b6f440f9_somi31.jpg','L',5,5),(15,'Xám','https://res.cloudinary.com/de8vli4dk/image/upload/v1762242086/my-app/images/products/5ab63cef-1e44-4a08-8312-798921dbe463_somi32.jpg','L',2,5),(16,'Xám','https://res.cloudinary.com/de8vli4dk/image/upload/v1762242117/my-app/images/products/23b343ec-474c-4815-a091-79bc4dd58e2d_somi32.jpg','M',5,5),(17,'Hồng','https://res.cloudinary.com/de8vli4dk/image/upload/v1762242590/my-app/images/products/fa79e259-f335-4dae-bff6-3af2cf71c796_somi33.jpg','L',2,5),(18,'Hồng','https://res.cloudinary.com/de8vli4dk/image/upload/v1762242600/my-app/images/products/9bbd298a-500d-4635-bc08-e61fa72b5273_somi33.jpg','XL',5,5),(19,'Hồng','https://res.cloudinary.com/de8vli4dk/image/upload/v1762242604/my-app/images/products/a0b58f86-3c3a-469e-8ba7-e6593a5c600f_somi33.jpg','M',5,5),(20,'Xanh rêu','https://res.cloudinary.com/de8vli4dk/image/upload/v1762242809/my-app/images/products/b0738b41-a36b-4fab-9803-78459c362193_somi41.jpg','M',5,6),(21,'Xanh rêu','https://res.cloudinary.com/de8vli4dk/image/upload/v1762242814/my-app/images/products/e18426df-531d-4ae7-bc3e-f399873ac96d_somi41.jpg','L',5,6),(22,'Hồng','https://res.cloudinary.com/de8vli4dk/image/upload/v1762242834/my-app/images/products/2528a3c3-a71f-4420-a535-85dbe2a4726e_somi42.jpg','L',1,6),(23,'Hồng','https://res.cloudinary.com/de8vli4dk/image/upload/v1762242839/my-app/images/products/67c9afaa-0e42-48c4-a557-5309b9072ab4_somi42.jpg','XL',5,6),(24,'Trắng','https://res.cloudinary.com/de8vli4dk/image/upload/v1762242853/my-app/images/products/1bdecc77-90f5-4639-92aa-055ff0174f37_somi43.jpg','XL',4,6),(25,'Trắng','https://res.cloudinary.com/de8vli4dk/image/upload/v1762242857/my-app/images/products/875dfb67-2986-4425-8178-93b44a67d535_somi43.jpg','L',5,6),(26,'Trắng','https://res.cloudinary.com/de8vli4dk/image/upload/v1762242861/my-app/images/products/13268ec4-d9a1-48d0-a873-e5c52d7cb6bb_somi43.jpg','M',5,6),(27,'Navy','https://res.cloudinary.com/de8vli4dk/image/upload/v1762245293/my-app/images/products/0a53bcaf-e192-4e57-9e5d-761a2231f072_Navy.webp','L',8,7),(28,'Navy','https://res.cloudinary.com/de8vli4dk/image/upload/v1762245293/my-app/images/products/0a4d1f4e-473f-4e73-ade2-442d5fc34d2b_Navy.webp','M',10,7),(29,'Navy','https://res.cloudinary.com/de8vli4dk/image/upload/v1762245293/my-app/images/products/d55abe24-7867-4135-bfe6-3e913f54ccf1_Navy.webp','XL',20,7),(30,'Xanh trời','https://res.cloudinary.com/de8vli4dk/image/upload/v1762245293/my-app/images/products/84150958-d117-4a47-8daf-843e62022543_Xanh%20tr%E1%BB%9Di.webp','L',24,7),(31,'Xám','https://res.cloudinary.com/de8vli4dk/image/upload/v1762245293/my-app/images/products/ae795c59-f322-4576-ac98-71ad0b722b28_X%C3%A1m.webp','L',2,7),(32,'Xám','https://res.cloudinary.com/de8vli4dk/image/upload/v1762245293/my-app/images/products/80bbb8b6-2ade-4faf-9610-ee5a65f490e0_X%C3%A1m.webp','M',7,7),(33,'Hồng','https://res.cloudinary.com/de8vli4dk/image/upload/v1762251231/my-app/images/products/d745c01d-27cf-47a6-b1a3-5f936d931a9c_var%202.webp','M',22,8),(34,'Đen','https://res.cloudinary.com/de8vli4dk/image/upload/v1762251231/my-app/images/products/76863ea0-2f65-4cd5-a717-afb8bda88243_%C4%91en.webp','L',5,8),(35,'Đen','https://res.cloudinary.com/de8vli4dk/image/upload/v1762251232/my-app/images/products/5bd886b3-34f7-41f2-807a-fbc5fbe9cd6a_%C4%91en.webp','M',10,8),(36,'Tím than','https://res.cloudinary.com/de8vli4dk/image/upload/v1762251232/my-app/images/products/3b071d99-5fcf-48a9-9d87-1f4ea635d1c6_t%C3%ADm%20than.webp','L',22,8),(37,'Tím than','https://res.cloudinary.com/de8vli4dk/image/upload/v1762251232/my-app/images/products/4f1b3509-f833-4502-8d0d-1dc41b0c3f84_t%C3%ADm%20than.webp','XL',10,8),(38,'Xanh da trời','https://res.cloudinary.com/de8vli4dk/image/upload/v1762251232/my-app/images/products/fdeabb73-8148-4cd1-b3cd-ce99d959da30_Var1.webp','S',13,8),(39,'Xanh da trời','https://res.cloudinary.com/de8vli4dk/image/upload/v1762251232/my-app/images/products/332327b7-e96a-416f-8508-8ae3e3bfd68f_Var1.webp','M',14,8),(40,'Hồng','https://res.cloudinary.com/de8vli4dk/image/upload/v1762251232/my-app/images/products/61e347c8-2799-4169-9ab8-17da8f64396e_var%202.webp','L',22,8),(41,'Xanh da trời','https://res.cloudinary.com/de8vli4dk/image/upload/v1762251232/my-app/images/products/cbcb2555-f820-4e6a-bf8d-0df9087daba4_Var1.webp','L',23,8),(42,'Xanh da trời','https://res.cloudinary.com/de8vli4dk/image/upload/v1762251232/my-app/images/products/34d27bdc-8117-4aa3-9897-fa4b60166fa7_Var1.webp','XL',10,8),(43,'Tím than','https://res.cloudinary.com/de8vli4dk/image/upload/v1762251233/my-app/images/products/7932420e-f57a-47cd-8cce-415235dd470c_t%C3%ADm%20than.webp','M',12,8),(44,'Hồng','https://res.cloudinary.com/de8vli4dk/image/upload/v1762251459/my-app/images/products/2fb00e68-4e0d-4841-8e9e-a03c16c33761_H%E1%BB%93ng.webp','M',23,9),(45,'begie','https://res.cloudinary.com/de8vli4dk/image/upload/v1762251459/my-app/images/products/68e8ca80-f00a-4f9d-b629-05301565c1a0_begie.webp','XL',11,9),(46,'begie','https://res.cloudinary.com/de8vli4dk/image/upload/v1762251459/my-app/images/products/ad3fff36-feef-40c2-a3d1-75aa09025444_begie.webp','L',13,9),(47,'Hồng','https://res.cloudinary.com/de8vli4dk/image/upload/v1762251459/my-app/images/products/ae31830c-9fbd-40e3-87a4-edb824d9f398_H%E1%BB%93ng.webp','L',14,9),(48,'Hồng','https://res.cloudinary.com/de8vli4dk/image/upload/v1762251459/my-app/images/products/4755e0e3-7e22-4158-8001-1e696d22be93_H%E1%BB%93ng.webp','XL',7,9),(49,'begie','https://res.cloudinary.com/de8vli4dk/image/upload/v1762251459/my-app/images/products/dd41faf6-fc44-4432-bf7d-5b692463fdfb_begie.webp','M',23,9),(50,'Đen','https://res.cloudinary.com/de8vli4dk/image/upload/v1762251460/my-app/images/products/ee0f43f6-9528-4941-ab74-99ba32a049f7_%C4%90en.webp','XL',26,9),(51,'Đen','https://res.cloudinary.com/de8vli4dk/image/upload/v1762251460/my-app/images/products/3dbc44ce-ad18-4f44-99f9-f82a1879434a_%C4%90en.webp','M',23,9),(52,'Đen','https://res.cloudinary.com/de8vli4dk/image/upload/v1762251460/my-app/images/products/b330ef65-d184-4a57-9143-f94bd3224ded_%C4%90en.webp','L',34,9),(53,'Tím than','https://res.cloudinary.com/de8vli4dk/image/upload/v1762251460/my-app/images/products/dd62bc12-4499-4649-9aa1-ca60daa4ee6f_t%C3%ADm%20than.webp','XXL',1,9),(54,'Tím than','https://res.cloudinary.com/de8vli4dk/image/upload/v1762251462/my-app/images/products/cbcb7c84-fc6f-4dd5-b416-a2b25385b4fe_t%C3%ADm%20than.webp','M',23,9),(55,'Tím than','https://res.cloudinary.com/de8vli4dk/image/upload/v1762251462/my-app/images/products/0794c1af-44b5-4955-90db-1f779123f433_t%C3%ADm%20than.webp','L',26,9),(56,'Tím than','https://res.cloudinary.com/de8vli4dk/image/upload/v1762251643/my-app/images/products/435e0bf9-c36f-45a0-8836-16e84fdc701f_T%C3%ADm%20than.webp','L',8,10),(57,'Tím than','https://res.cloudinary.com/de8vli4dk/image/upload/v1762251643/my-app/images/products/78bc1024-6acb-4bd1-8b8a-88b465b62094_T%C3%ADm%20than.webp','M',12,10),(58,'Xanh lá','https://res.cloudinary.com/de8vli4dk/image/upload/v1762251643/my-app/images/products/99756652-eeab-4e5e-8a0b-164df1f77b27_Xanh%20l%C3%A1.webp','XL',15,10),(59,'Xanh lá','https://res.cloudinary.com/de8vli4dk/image/upload/v1762251643/my-app/images/products/dd5d1843-1f8b-4bb4-9e31-3db20c46cfee_Xanh%20l%C3%A1.webp','L',3,10),(60,'Tím than','https://res.cloudinary.com/de8vli4dk/image/upload/v1762251643/my-app/images/products/5baf5187-dcb5-426e-b492-f4898fdc6378_T%C3%ADm%20than.webp','XL',14,10),(61,'Xanh lá','https://res.cloudinary.com/de8vli4dk/image/upload/v1762251643/my-app/images/products/12751276-0f6b-45d7-9bcb-896a46887a45_Xanh%20l%C3%A1.webp','M',12,10),(62,'Đen','https://res.cloudinary.com/de8vli4dk/image/upload/v1762251643/my-app/images/products/80cb5310-3eda-4f47-bc9e-8d5877d2724e_%C4%90en.webp','XL',11,10),(63,'Đen','https://res.cloudinary.com/de8vli4dk/image/upload/v1762251643/my-app/images/products/e27b5583-3e55-424f-9642-c8de70703968_%C4%90en.webp','M',21,10),(64,'Đen','https://res.cloudinary.com/de8vli4dk/image/upload/v1762251643/my-app/images/products/92dd3b5b-1d0f-49eb-bc64-626a049306f5_%C4%90en.webp','M',0,10),(65,'Nâu','https://res.cloudinary.com/de8vli4dk/image/upload/v1762251644/my-app/images/products/24dcfcda-7a1b-4e0e-b5ce-71ce61c7040c_N%C3%A2u.webp','XL',23,10),(66,'Đen','https://res.cloudinary.com/de8vli4dk/image/upload/v1762251646/my-app/images/products/0c34da92-7b24-4010-8834-7d9a5475ae22_%C4%90en.webp','L',12,10),(67,'Nâu','https://res.cloudinary.com/de8vli4dk/image/upload/v1762251646/my-app/images/products/7664f12f-d037-4e5e-a210-db460a467524_N%C3%A2u.webp','XXL',12,10),(68,'Đen','https://res.cloudinary.com/de8vli4dk/image/upload/v1762253956/my-app/images/products/a1bb1530-ae90-47eb-b894-7437b532c937_var%203.webp','L',14,11),(69,'Xám','https://res.cloudinary.com/de8vli4dk/image/upload/v1762253956/my-app/images/products/7231faab-b300-4dd6-bdab-4e4b5a99c90f_Var%202.webp','XL',11,11),(70,'Xám','https://res.cloudinary.com/de8vli4dk/image/upload/v1762253956/my-app/images/products/bf4771b5-7ca2-46c2-9244-6727054772b1_Var%202.webp','L',12,11),(71,'Trắng','https://res.cloudinary.com/de8vli4dk/image/upload/v1762253956/my-app/images/products/7979d093-8ff5-4ab3-991f-8c70f3ccd007_Var%201.webp','L',12,11),(72,'Trắng','https://res.cloudinary.com/de8vli4dk/image/upload/v1762253956/my-app/images/products/e23b3d87-5b1d-448f-8f65-19ef2f86048a_Var%201.webp','XL',10,11),(73,'Đen','https://res.cloudinary.com/de8vli4dk/image/upload/v1762253957/my-app/images/products/31868dd2-0aae-499d-a140-4de18a034a15_var%203.webp','XL',15,11),(74,'Tím','https://res.cloudinary.com/de8vli4dk/image/upload/v1762254040/my-app/images/products/35a16237-5f51-40cc-bfe6-04f655d6c228_T%C3%ADm.webp','L',10,12),(75,'Tím','https://res.cloudinary.com/de8vli4dk/image/upload/v1762254040/my-app/images/products/d0208943-3ed0-4898-bc35-0db0985c63cd_T%C3%ADm.webp','XL',4,12),(76,'Be','https://res.cloudinary.com/de8vli4dk/image/upload/v1762254040/my-app/images/products/664d65d3-94f9-4f8c-95fb-4b1e65bd9ec7_Be.webp','L',15,12),(77,'Be','https://res.cloudinary.com/de8vli4dk/image/upload/v1762254040/my-app/images/products/9b327383-656f-4133-bed3-e34495bc508c_Be.webp','XL',18,12),(78,'Đen','https://res.cloudinary.com/de8vli4dk/image/upload/v1762254041/my-app/images/products/38b5ba4d-8302-4297-81ea-b84681e1e07b_%C4%90en.webp','XL',20,12),(79,'Đen','https://res.cloudinary.com/de8vli4dk/image/upload/v1762254040/my-app/images/products/8cac1bd4-51b2-4a58-b993-416623464a2d_%C4%90en.webp','L',12,12),(80,'Xanh','https://res.cloudinary.com/de8vli4dk/image/upload/v1762254249/my-app/images/products/6033ae6b-bba1-4ea1-9f96-64c08a7a823d_Xanh.webp','M',12,13),(81,'Vàng','https://res.cloudinary.com/de8vli4dk/image/upload/v1762254249/my-app/images/products/0e7bff2a-b03e-48fb-b45a-0df1be1bd10b_V%C3%A0ng.webp','L',28,13),(82,'Nâu','https://res.cloudinary.com/de8vli4dk/image/upload/v1762254249/my-app/images/products/d0b5de92-ad18-41fd-b82a-678ef7b8371b_N%C3%A2u.webp','M',14,13),(83,'Vàng','https://res.cloudinary.com/de8vli4dk/image/upload/v1762254249/my-app/images/products/e090aa6d-7344-4101-9351-baaa5a25c85d_V%C3%A0ng.webp','M',12,13),(84,'Xanh','https://res.cloudinary.com/de8vli4dk/image/upload/v1762254250/my-app/images/products/771e0e68-52ce-4869-91b0-2be669b5001a_Xanh.webp','L',19,13),(85,'Nâu','https://res.cloudinary.com/de8vli4dk/image/upload/v1762254251/my-app/images/products/5abdebb3-0d88-4af0-b7e6-edd584cf18ac_N%C3%A2u.webp','L',13,13),(86,'Đen','https://res.cloudinary.com/de8vli4dk/image/upload/v1762254340/my-app/images/products/b6893f36-7ec1-425d-af7e-dab47e7243b8_%C4%90en.webp','M',14,14),(87,'Đen','https://res.cloudinary.com/de8vli4dk/image/upload/v1762254340/my-app/images/products/7a0ff06d-7fd4-4b1e-9be1-04f039d79653_%C4%90en.webp','L',14,14),(88,'Đỏ','https://res.cloudinary.com/de8vli4dk/image/upload/v1762254340/my-app/images/products/eac29f47-d46d-4e33-82cf-584a6bac4bbc_%C4%90%E1%BB%8F.webp','M',1,14),(89,'Đỏ','https://res.cloudinary.com/de8vli4dk/image/upload/v1762254340/my-app/images/products/b70b46f9-37bd-4f75-ad17-1479a98eed93_%C4%90%E1%BB%8F.webp','L',8,14),(90,'Be','https://res.cloudinary.com/de8vli4dk/image/upload/v1762254460/my-app/images/products/7dd7d036-6bb7-4b4d-8fd0-f6c435c7e9d6_Be.webp','XL',9,15),(91,'Be','https://res.cloudinary.com/de8vli4dk/image/upload/v1762254460/my-app/images/products/e3f677b9-eec2-4cf1-99ce-4f1200060f7c_Be.webp','L',9,15),(92,'Than Chì','https://res.cloudinary.com/de8vli4dk/image/upload/v1762254460/my-app/images/products/75ccea8e-5c35-421a-99fe-bb17825e2601_Than%20ch%C3%AC.webp','XL',14,15),(93,'Nâu','https://res.cloudinary.com/de8vli4dk/image/upload/v1762254460/my-app/images/products/9f9f140c-497d-4e9e-b801-a2452496db55_N%C3%A2u.webp','L',14,15),(94,'Than Chì','https://res.cloudinary.com/de8vli4dk/image/upload/v1762254460/my-app/images/products/40dc1d3e-39f2-4f70-9546-7be47f6c2aba_Than%20ch%C3%AC.webp','L',18,15),(95,'Đen','https://res.cloudinary.com/de8vli4dk/image/upload/v1762254460/my-app/images/products/50b18606-36d7-4c87-a31d-a53541f753ba_%C4%90en.webp','XL',16,15),(96,'Đen','https://res.cloudinary.com/de8vli4dk/image/upload/v1762254461/my-app/images/products/7ee9179f-4bd9-4795-80f3-423b5798e586_%C4%90en.webp','L',12,15),(97,'Nâu','https://res.cloudinary.com/de8vli4dk/image/upload/v1762254461/my-app/images/products/af21b776-8b64-40d8-a80e-a2433b0fa6ec_N%C3%A2u.webp','XL',18,15),(98,'Hồng','https://res.cloudinary.com/de8vli4dk/image/upload/v1762254924/my-app/images/products/2f7f5f7e-50f0-45b9-97db-33178825785f_H%E1%BB%93ng.webp','L',12,16),(99,'Đen','https://res.cloudinary.com/de8vli4dk/image/upload/v1762254924/my-app/images/products/a9fd0794-f2ba-42f4-addd-fff6278b5ff4_%C4%90en.webp','L',20,16),(100,'begie','https://res.cloudinary.com/de8vli4dk/image/upload/v1762254925/my-app/images/products/0e1184eb-eb92-48b9-b0aa-c5cce5cc5301_beige.webp','XL',10,16),(101,'Hồng','https://res.cloudinary.com/de8vli4dk/image/upload/v1762254925/my-app/images/products/d3e5ac1b-f498-4fd7-a4d7-fd79077a99dc_H%E1%BB%93ng.webp','XL',15,16),(102,'Navy','https://res.cloudinary.com/de8vli4dk/image/upload/v1762254925/my-app/images/products/085a3fb6-53df-4c96-85e0-54fd0f292e14_Navy.webp','XL',19,16),(103,'Đen','https://res.cloudinary.com/de8vli4dk/image/upload/v1762254925/my-app/images/products/76f6c2d0-18cf-4bdb-bf97-518039a2bef6_%C4%90en.webp','M',19,16),(104,'begie','https://res.cloudinary.com/de8vli4dk/image/upload/v1762254926/my-app/images/products/d2a66b5f-ee04-4a5f-b8f5-59700c090fa9_beige.webp','M',15,16),(105,'Xanh lá cây','https://res.cloudinary.com/de8vli4dk/image/upload/v1762254926/my-app/images/products/d6f89a8f-e6b9-4198-bef2-ea05955cda04_Xanh%20l%C3%A1.webp','XL',11,16),(106,'begie','https://res.cloudinary.com/de8vli4dk/image/upload/v1762254926/my-app/images/products/aa00a358-1b39-4d67-99af-739c19eeddea_beige.webp','L',13,16),(107,'Đen','https://res.cloudinary.com/de8vli4dk/image/upload/v1762254926/my-app/images/products/4894a786-85bf-4cb0-a9d4-c1647db9df83_%C4%90en.webp','XL',30,16),(108,'Xanh lá cây','https://res.cloudinary.com/de8vli4dk/image/upload/v1762254926/my-app/images/products/3968a774-9d94-4804-8b10-90f42081747f_Xanh%20l%C3%A1.webp','M',12,16),(109,'Navy','https://res.cloudinary.com/de8vli4dk/image/upload/v1762254927/my-app/images/products/215892f9-5d57-4e21-a11d-a2139e8304a1_Navy.webp','L',18,16),(110,'Xanh lá cây','https://res.cloudinary.com/de8vli4dk/image/upload/v1762254927/my-app/images/products/636b8cd2-5051-4900-b147-62c3f9c58bcc_Xanh%20l%C3%A1.webp','L',14,16),(111,'Trắng','https://res.cloudinary.com/de8vli4dk/image/upload/v1762254927/my-app/images/products/53e775ec-fc24-4527-ab43-8126efd9c10b_Tr%E1%BA%AFng.webp','L',17,16),(112,'Trắng','https://res.cloudinary.com/de8vli4dk/image/upload/v1762254927/my-app/images/products/9289fa62-f93d-4465-9059-ff418e2a4e4b_Tr%E1%BA%AFng.webp','XL',22,16),(113,'Trắng','https://res.cloudinary.com/de8vli4dk/image/upload/v1762275499/my-app/images/products/0648fc3c-eba8-449d-861d-f7fc2827d489_Tr%E1%BA%AFng.webp','XL',21,17),(114,'Đỏ','https://res.cloudinary.com/de8vli4dk/image/upload/v1762275499/my-app/images/products/0f89347f-7682-4a62-98da-c5b150910089_%C4%90%E1%BB%8F.webp','M',11,17),(115,'Đỏ','https://res.cloudinary.com/de8vli4dk/image/upload/v1762275500/my-app/images/products/3f63d971-e197-4fe4-9219-8a9b849a3b75_%C4%90%E1%BB%8F.webp','L',142,17),(116,'Đen','https://res.cloudinary.com/de8vli4dk/image/upload/v1762275500/my-app/images/products/59a6a62e-ecaa-4ac6-9660-25a27c63127d_%C4%90en.webp','M',12,17),(117,'Đen','https://res.cloudinary.com/de8vli4dk/image/upload/v1762275500/my-app/images/products/6e7c531d-006e-45a0-a7fe-9ec4a7c492c6_%C4%90en.webp','S',12,17),(118,'Navy','https://res.cloudinary.com/de8vli4dk/image/upload/v1762275500/my-app/images/products/078ed756-fba3-4899-b371-a9245d98d1fb_Navy.webp','XXL',65,17),(119,'Navy','https://res.cloudinary.com/de8vli4dk/image/upload/v1762275500/my-app/images/products/3c708fb8-f8e4-4fa5-8521-491747993436_Navy.webp','XL',54,17),(120,'Navy','https://res.cloudinary.com/de8vli4dk/image/upload/v1762275500/my-app/images/products/8d16c315-6dc9-41b2-b3c1-5146783ba5c0_Navy.webp','L',14,17),(121,'Đỏ','https://res.cloudinary.com/de8vli4dk/image/upload/v1762275500/my-app/images/products/2b2358c5-6992-41ab-800d-38e07e22ae3e_%C4%90%E1%BB%8F.webp','XL',56,17),(122,'Đen','https://res.cloudinary.com/de8vli4dk/image/upload/v1762275500/my-app/images/products/b19b25b3-8685-4855-8576-29bd895c9bc9_%C4%90en.webp','L',12,17),(123,'Trắng','https://res.cloudinary.com/de8vli4dk/image/upload/v1762275501/my-app/images/products/6bd66d98-e1d2-4375-8018-6e7a220c508a_Tr%E1%BA%AFng.webp','M',43,17),(124,'Trắng','https://res.cloudinary.com/de8vli4dk/image/upload/v1762275501/my-app/images/products/32e120ba-9357-4e6b-906c-d1729255feaa_Tr%E1%BA%AFng.webp','S',54,17),(125,'Trắng','https://res.cloudinary.com/de8vli4dk/image/upload/v1762275501/my-app/images/products/459139a7-a852-495c-9fc8-4bd10c8ea6f8_Tr%E1%BA%AFng.webp','L',0,17),(126,'Trắng','https://res.cloudinary.com/de8vli4dk/image/upload/v1762275667/my-app/images/products/808303af-29d2-469b-8866-c92669890c8a_Tr%E1%BA%AFng.webp','M',12,18),(127,'Trắng','https://res.cloudinary.com/de8vli4dk/image/upload/v1762275667/my-app/images/products/98727e49-e0eb-4292-9925-5ef44287028b_Tr%E1%BA%AFng.webp','L',122,18),(128,'Xanh da trời','https://res.cloudinary.com/de8vli4dk/image/upload/v1762275668/my-app/images/products/237a34d3-5736-4bb1-84d3-552be9727802_Blue.webp','M',11,18),(129,'Xanh da trời','https://res.cloudinary.com/de8vli4dk/image/upload/v1762275668/my-app/images/products/87fb2b47-6252-46e6-bb79-346119f0a7fb_Blue.webp','L',19,18),(130,'Trắng','https://res.cloudinary.com/de8vli4dk/image/upload/v1762276307/my-app/images/products/91cf29df-88cc-4056-adb7-b4a292c8824a_Tr%E1%BA%AFng.webp','M',12,20),(131,'Trắng','https://res.cloudinary.com/de8vli4dk/image/upload/v1762276307/my-app/images/products/1ea7b639-2f70-4cd3-97c7-f01283419b8b_Tr%E1%BA%AFng.webp','L',23,20),(132,'Xanh Lá','https://res.cloudinary.com/de8vli4dk/image/upload/v1762276307/my-app/images/products/a3d65e74-3e0b-4071-9e9f-f5982b6e1ad3_Xanh%20l%C3%A1.webp','M',23,20),(133,'Xanh Lá','https://res.cloudinary.com/de8vli4dk/image/upload/v1762276307/my-app/images/products/81e34d10-761f-448c-b745-7ec9ce13f762_Xanh%20l%C3%A1.webp','L',23,20),(134,'Trắng','https://res.cloudinary.com/de8vli4dk/image/upload/v1762276307/my-app/images/products/94739ece-3159-4875-b3d5-e2eecead2efb_Tr%E1%BA%AFng.webp','XL',13,20),(135,'Xanh Lá','https://res.cloudinary.com/de8vli4dk/image/upload/v1762276307/my-app/images/products/46c92b2a-98c0-4ee9-bdb1-61ca47680931_Xanh%20l%C3%A1.webp','XL',12,20),(136,'Kẻ tím','https://res.cloudinary.com/de8vli4dk/image/upload/v1762276465/my-app/images/products/2f32f53b-a96a-42d6-ac91-832451fcaac4_K%E1%BA%BB%20t%C3%ADm.webp','XL',32,21),(137,'Kẻ Xanh','https://res.cloudinary.com/de8vli4dk/image/upload/v1762276465/my-app/images/products/899c06b6-87ea-4df9-95d8-f9c5c3a6673c_K%E1%BA%BB%20xanh.webp','XL',32,21),(138,'Kẻ hồng','https://res.cloudinary.com/de8vli4dk/image/upload/v1762276465/my-app/images/products/176e18a9-a2e9-48b2-a8c2-b06a3b4f7e3d_K%E1%BA%BB%20h%E1%BB%93ng.webp','M',132,21),(139,'Kẻ hồng','https://res.cloudinary.com/de8vli4dk/image/upload/v1762276465/my-app/images/products/459247a8-10fb-42ab-8aed-75b0975a55fb_K%E1%BA%BB%20h%E1%BB%93ng.webp','L',34,21),(140,'Kẻ Xanh','https://res.cloudinary.com/de8vli4dk/image/upload/v1762276465/my-app/images/products/ccefb55b-02eb-4929-b8c9-65593af5b624_K%E1%BA%BB%20xanh.webp','M',12,21),(141,'Kẻ hồng','https://res.cloudinary.com/de8vli4dk/image/upload/v1762276465/my-app/images/products/1771b2f6-9ebc-4c3e-a7d8-20af6586cf3c_K%E1%BA%BB%20h%E1%BB%93ng.webp','XL',12,21),(142,'Kẻ tím','https://res.cloudinary.com/de8vli4dk/image/upload/v1762276465/my-app/images/products/40175f2c-7037-4652-a88f-b97fc4eb711a_K%E1%BA%BB%20t%C3%ADm.webp','L',21,21),(143,'Kẻ Xanh','https://res.cloudinary.com/de8vli4dk/image/upload/v1762276465/my-app/images/products/d9539232-ddcf-4f5a-9378-0dd931337e76_K%E1%BA%BB%20xanh.webp','L',43,21),(144,'Kẻ tím','https://res.cloudinary.com/de8vli4dk/image/upload/v1762276465/my-app/images/products/afca2d51-bd53-42f3-b8de-dadc7270bf81_K%E1%BA%BB%20t%C3%ADm.webp','M',113,21),(145,'Be vàng','https://res.cloudinary.com/de8vli4dk/image/upload/v1762276572/my-app/images/products/9468ec9d-94fb-44df-9d1c-925d72e649a0_Be%20v%C3%A0ng.webp','M',23,22),(146,'Đen','https://res.cloudinary.com/de8vli4dk/image/upload/v1762276572/my-app/images/products/90de86fe-43a3-43ba-a3c7-c49651239efe_%C4%90en.webp','L',43,22),(147,'Đen','https://res.cloudinary.com/de8vli4dk/image/upload/v1762276572/my-app/images/products/2f109787-debb-439c-a455-8f6c159528d3_%C4%90en.webp','M',12,22),(148,'Be vàng','https://res.cloudinary.com/de8vli4dk/image/upload/v1762276572/my-app/images/products/c4e991f7-42e6-4b84-918e-371a43f8c255_Be%20v%C3%A0ng.webp','XL',32,22),(149,'Navy','https://res.cloudinary.com/de8vli4dk/image/upload/v1762276572/my-app/images/products/9670c14b-34a0-4b33-85cb-4a647d519f53_Navy.webp','L',43,22),(150,'Navy','https://res.cloudinary.com/de8vli4dk/image/upload/v1762276572/my-app/images/products/aa046c5b-d9e4-45d3-a9dc-fb65f6ae0334_Navy.webp','M',23,22),(151,'Đen','https://res.cloudinary.com/de8vli4dk/image/upload/v1762276572/my-app/images/products/b3369fa0-96b2-4a50-ad2c-b1c432278864_%C4%90en.webp','XL',23,22),(152,'Be vàng','https://res.cloudinary.com/de8vli4dk/image/upload/v1762276572/my-app/images/products/532f4509-6fe6-431b-9156-4dd64cd858c7_Be%20v%C3%A0ng.webp','L',12,22),(153,'Navy','https://res.cloudinary.com/de8vli4dk/image/upload/v1762276572/my-app/images/products/566a98f8-a9f1-4975-9863-b072f927d7b8_Navy.webp','XL',32,22),(154,'Be','https://res.cloudinary.com/de8vli4dk/image/upload/v1762276651/my-app/images/products/5a364e6a-54d8-4e02-a745-78d665d78140_Be.webp','L',23,23),(155,'Đen','https://res.cloudinary.com/de8vli4dk/image/upload/v1762276651/my-app/images/products/ffbb981d-57e4-4424-9c1e-ceb8f7d940fd_%C4%90en.webp','L',19,23),(156,'Be','https://res.cloudinary.com/de8vli4dk/image/upload/v1762276651/my-app/images/products/32ed8328-eb94-44a8-a9a0-3d66b68ae4bb_Be.webp','M',12,23),(157,'Đen','https://res.cloudinary.com/de8vli4dk/image/upload/v1762276651/my-app/images/products/b8f81f8e-3316-4bb6-80a7-2332f49a45cd_%C4%90en.webp','XXL',23,23),(158,'Be','https://res.cloudinary.com/de8vli4dk/image/upload/v1762276651/my-app/images/products/222346f0-42dc-4d04-aa14-7f9d08dc5984_Be.webp','XL',22,23),(159,'Đen','https://res.cloudinary.com/de8vli4dk/image/upload/v1762276651/my-app/images/products/1de2d92b-cc9c-4fc5-b96d-9d7d9a6c93b1_%C4%90en.webp','XL',12,23),(160,'Đen','https://res.cloudinary.com/de8vli4dk/image/upload/v1762277535/my-app/images/products/37640503-6829-41e6-b9eb-bac455bed9fa_%C4%90en.webp','M',23,25),(161,'Ghi đậm','https://res.cloudinary.com/de8vli4dk/image/upload/v1762277535/my-app/images/products/9c760009-acfb-4677-8f72-1e9fb1cf7b51_Ghi%20%C4%90%E1%BA%ADm.webp','XL',30,25),(162,'Đen','https://res.cloudinary.com/de8vli4dk/image/upload/v1762277535/my-app/images/products/cb8d2d90-fdc5-4f71-8f36-c1c3d060ef49_%C4%90en.webp','L',23,25),(163,'Đen','https://res.cloudinary.com/de8vli4dk/image/upload/v1762277535/my-app/images/products/d8facfd2-f601-46e2-ba28-94cad9c0a61c_%C4%90en.webp','XL',44,25),(164,'Be','https://res.cloudinary.com/de8vli4dk/image/upload/v1762277535/my-app/images/products/899c9383-78b0-4de8-96b1-c868b16feaeb_Be.webp','M',23,25),(165,'Be','https://res.cloudinary.com/de8vli4dk/image/upload/v1762277535/my-app/images/products/313c9b65-f88f-4aa8-88d7-83ad276f016a_Be.webp','L',12,25),(166,'Ghi đậm','https://res.cloudinary.com/de8vli4dk/image/upload/v1762277535/my-app/images/products/363a2f36-4546-4db6-81b3-e44ca5c2a595_Ghi%20%C4%90%E1%BA%ADm.webp','M',25,25),(167,'Xanh','https://res.cloudinary.com/de8vli4dk/image/upload/v1762277807/my-app/images/products/55abfa12-f7d4-495d-8d0b-190148223686_Xanh.webp','L',23,26),(168,'Xanh nhạt','https://res.cloudinary.com/de8vli4dk/image/upload/v1762277807/my-app/images/products/279ffb3d-4332-4df3-a8c8-8a10fae23d47_Xanh%20nh%E1%BA%A1t.webp','L',12,26),(169,'Xanh','https://res.cloudinary.com/de8vli4dk/image/upload/v1762277807/my-app/images/products/0457bc95-d55f-4e3b-aca7-bd6a86519513_Xanh.webp','XL',32,26),(170,'Xanh nhạt','https://res.cloudinary.com/de8vli4dk/image/upload/v1762277808/my-app/images/products/64625ca4-f198-4056-99c8-9cb6d2846c8f_Xanh%20nh%E1%BA%A1t.webp','XL',34,26),(171,'Chàm','https://res.cloudinary.com/de8vli4dk/image/upload/v1762277953/my-app/images/products/9956c6ff-35c6-4aef-ab0e-13d2b7d9fce3_M%C3%A0u%20ch%C3%A0m.webp','XL',23,27),(172,'Chàm đậm','https://res.cloudinary.com/de8vli4dk/image/upload/v1762277953/my-app/images/products/01bc4818-8205-47e5-980c-bf026c16914f_Ch%C3%A0m%20%C4%91%E1%BA%ADm.webp','XL',51,27),(173,'Chàm','https://res.cloudinary.com/de8vli4dk/image/upload/v1762277953/my-app/images/products/4704ddf6-9995-4d75-86cc-e8d45c598ffd_M%C3%A0u%20ch%C3%A0m.webp','L',23,27),(174,'Chàm đậm','https://res.cloudinary.com/de8vli4dk/image/upload/v1762277953/my-app/images/products/da997ca0-f930-4be5-a7ae-f37e640ad9e8_Ch%C3%A0m%20%C4%91%E1%BA%ADm.webp','L',23,27),(175,'Trắng','https://res.cloudinary.com/de8vli4dk/image/upload/v1762278029/my-app/images/products/ca4a06fb-a4a6-4456-ae89-906802dd629f_Tr%E1%BA%AFng.webp','XL',32,28),(176,'Trắng','https://res.cloudinary.com/de8vli4dk/image/upload/v1762278030/my-app/images/products/95d4408e-ddb0-41f9-876a-3d3247a0bf22_Tr%E1%BA%AFng.webp','L',46,28),(177,'Be','https://res.cloudinary.com/de8vli4dk/image/upload/v1762278030/my-app/images/products/d292422a-aaad-4ba9-bf3b-368b0fe37383_Be.webp','XL',54,28),(178,'Trắng','https://res.cloudinary.com/de8vli4dk/image/upload/v1762278030/my-app/images/products/d89947a5-c9f5-4fb0-a5fc-8cb77034a0bc_Tr%E1%BA%AFng.webp','M',32,28),(179,'Be','https://res.cloudinary.com/de8vli4dk/image/upload/v1762278030/my-app/images/products/c5c2e573-b568-4880-9499-ca33b071f87a_Be.webp','L',23,28),(180,'Đen','https://res.cloudinary.com/de8vli4dk/image/upload/v1763664170/my-app/images/products/67db627d-bf2d-43f7-bd59-de4d86232252_den.jpg','L',20,30),(181,'Đen','https://res.cloudinary.com/de8vli4dk/image/upload/v1763664170/my-app/images/products/71983658-d84e-418c-a327-cf825afbfa6e_den.jpg','XXL',20,30),(182,'Đen','https://res.cloudinary.com/de8vli4dk/image/upload/v1763664170/my-app/images/products/95e3ee13-42d9-46a4-8b96-24245a272847_den.jpg','S',20,30),(183,'Đen','https://res.cloudinary.com/de8vli4dk/image/upload/v1763664170/my-app/images/products/5e0507ab-e3c4-4761-b8a8-98f05881ebd8_den.jpg','M',20,30),(184,'Nâu','https://res.cloudinary.com/de8vli4dk/image/upload/v1763664170/my-app/images/products/2248e213-4fa2-4237-bd92-f01bf755ffdb_nau.jpg','S',19,30),(185,'Nâu','https://res.cloudinary.com/de8vli4dk/image/upload/v1763664170/my-app/images/products/4e5b71f2-ae1b-4bf8-8d11-d41299015627_nau.jpg','XL',19,30),(186,'Nâu','https://res.cloudinary.com/de8vli4dk/image/upload/v1763664170/my-app/images/products/41b432d0-beb7-4546-bb37-40c9d3bd2ecb_nau.jpg','L',0,30),(187,'Nâu','https://res.cloudinary.com/de8vli4dk/image/upload/v1763664170/my-app/images/products/75dc9f29-1746-4b24-ae9d-35abf1bc9f48_nau.jpg','M',20,30),(188,'Đen','https://res.cloudinary.com/de8vli4dk/image/upload/v1763664170/my-app/images/products/082a1789-bf87-4b96-9927-73b2fc5a176c_den.jpg','XL',0,30),(189,'Đen','https://res.cloudinary.com/de8vli4dk/image/upload/v1763664643/my-app/images/products/346372d6-a503-4201-8b14-e7769c051de6_k22.jpg','L',16,31),(190,'Đen','https://res.cloudinary.com/de8vli4dk/image/upload/v1763664643/my-app/images/products/347feb8b-b898-4e4e-a0c0-584dfb0844e2_k22.jpg','XXL',19,31),(191,'Đen','https://res.cloudinary.com/de8vli4dk/image/upload/v1763664643/my-app/images/products/b8e283f9-1d43-40d2-a5ea-de9efea6aa6f_k22.jpg','XL',0,31),(192,'Hồng','https://res.cloudinary.com/de8vli4dk/image/upload/v1763664796/my-app/images/products/17ec373c-8db1-4bf3-b426-05f43c574a90_k3.jpg','XL',18,32),(193,'Hồng','https://res.cloudinary.com/de8vli4dk/image/upload/v1763664796/my-app/images/products/1970b20f-cf6f-4d2d-b194-97ed5ee64c73_k3.jpg','L',19,32),(194,'Be','https://res.cloudinary.com/de8vli4dk/image/upload/v1763664796/my-app/images/products/cb4d34e8-bd30-4a4a-beff-6c0589e3d5d7_k32.jpg','L',0,32),(195,'Be','https://res.cloudinary.com/de8vli4dk/image/upload/v1763664796/my-app/images/products/eef3f106-82de-4aa6-ae6d-5be08a64b8bc_k32.jpg','XL',20,32),(196,'Rêu','https://res.cloudinary.com/de8vli4dk/image/upload/v1763664796/my-app/images/products/61303388-d682-4f0f-996d-74b5258ce6a4_k33.jpg','XL',16,32),(197,'Be','https://res.cloudinary.com/de8vli4dk/image/upload/v1763664796/my-app/images/products/698e1255-9531-472c-830f-b593e408e516_k32.jpg','M',20,32),(198,'Đen','https://res.cloudinary.com/de8vli4dk/image/upload/v1763665133/my-app/images/products/3015a569-c0f2-4a8c-9892-73f57f5e79ad_q12.jpg','M',20,33),(199,'Nâu','https://res.cloudinary.com/de8vli4dk/image/upload/v1763665133/my-app/images/products/01805298-6476-4daf-b31b-6e96803afa17_q13.jpg','M',20,33),(200,'Nâu','https://res.cloudinary.com/de8vli4dk/image/upload/v1763665133/my-app/images/products/c12feae3-b147-4b06-becf-52d21b0bb412_q13.jpg','L',20,33),(201,'Đen','https://res.cloudinary.com/de8vli4dk/image/upload/v1763665133/my-app/images/products/c1c56ac1-d1a3-48e3-9467-aa0ea8a80afd_q12.jpg','L',0,33),(202,'Xám','https://res.cloudinary.com/de8vli4dk/image/upload/v1763665134/my-app/images/products/dd343b7a-048b-40b7-8ffb-01435ec271f5_q11.jpg','M',20,33),(203,'Xám','https://res.cloudinary.com/de8vli4dk/image/upload/v1763665134/my-app/images/products/d06a21a5-3ccf-42e7-b4ba-768ffa1982cd_q11.jpg','L',20,33),(204,'Đen','https://res.cloudinary.com/de8vli4dk/image/upload/v1763665310/my-app/images/products/98ce52cb-3be1-458e-8896-f7e54806025a_q21.jpg','XL',16,34),(205,'Đen','https://res.cloudinary.com/de8vli4dk/image/upload/v1763665311/my-app/images/products/1aac615e-e973-44ad-a9be-cb8380543406_q21.jpg','L',16,34),(206,'Lục','https://res.cloudinary.com/de8vli4dk/image/upload/v1763665311/my-app/images/products/d2775355-a31c-4e84-a089-c977c37ecede_q23.jpg','L',18,34),(207,'Lục','https://res.cloudinary.com/de8vli4dk/image/upload/v1763665311/my-app/images/products/65e3bc98-b346-4a4d-aa7e-d1b42f9d3e7c_q23.jpg','XL',19,34),(208,'Trắng','https://res.cloudinary.com/de8vli4dk/image/upload/v1763665311/my-app/images/products/d846a838-0a47-467e-b2e9-3c2302cc486e_q22.jpg','L',19,34),(209,'Trắng','https://res.cloudinary.com/de8vli4dk/image/upload/v1763665312/my-app/images/products/c19591ef-c2dd-4786-a98c-3f53aaa716d9_q22.jpg','XL',0,34),(210,'Nâu','https://res.cloudinary.com/de8vli4dk/image/upload/v1763665411/my-app/images/products/ed6c67a2-b588-4c37-a159-d277d9cc1f9b_q41.jpg','S',13,35),(211,'Nâu','https://res.cloudinary.com/de8vli4dk/image/upload/v1763665411/my-app/images/products/b6b89795-e665-4406-853c-f566f98b0dc6_q41.jpg','L',17,35),(212,'Nâu','https://res.cloudinary.com/de8vli4dk/image/upload/v1763665411/my-app/images/products/188d6281-fea9-44c0-8fa2-34558b07bec7_q41.jpg','M',15,35),(213,'Đen','https://res.cloudinary.com/de8vli4dk/image/upload/v1763665553/my-app/images/products/b9a46c09-b527-4d11-a709-39dd977bcccc_q02.jpg','L',12,36),(214,'Đen','https://res.cloudinary.com/de8vli4dk/image/upload/v1763665553/my-app/images/products/33570fc8-5d2c-4c15-bc7e-8b58355c5477_q02.jpg','M',0,36),(215,'Trắng','https://res.cloudinary.com/de8vli4dk/image/upload/v1763665553/my-app/images/products/8d462db9-d82a-4b63-b604-c90c79e15015_q01.jpg','M',16,36),(216,'Trắng','https://res.cloudinary.com/de8vli4dk/image/upload/v1763665553/my-app/images/products/ce12fd80-4b9b-459d-81cf-a1537eda8b16_q01.jpg','L',17,36),(217,'Đen','https://res.cloudinary.com/de8vli4dk/image/upload/v1763665553/my-app/images/products/1d10972e-baf5-4a47-94dd-34f5e09cc67e_q02.jpg','S',17,36),(218,'Trắng','https://res.cloudinary.com/de8vli4dk/image/upload/v1763665554/my-app/images/products/b2993b73-0c19-4987-b6ce-75b9412c10ed_q01.jpg','S',20,36),(219,'Xanh Navi','https://res.cloudinary.com/de8vli4dk/image/upload/v1764058444/my-app/images/products/4ccb7fb3-8346-4591-b673-9fc776ffd130_polo2.webp','M',30,37),(220,'Nâu','https://res.cloudinary.com/de8vli4dk/image/upload/v1764058444/my-app/images/products/dc87a919-7836-4694-943d-7f6f3f3b1813_Polo.webp','M',30,37),(221,'Nâu','https://res.cloudinary.com/de8vli4dk/image/upload/v1764058444/my-app/images/products/b6eaee2b-fbb1-4d48-8f1c-3bbd2b1f3a20_Polo.webp','L',30,37),(222,'Xanh Navi','https://res.cloudinary.com/de8vli4dk/image/upload/v1764058444/my-app/images/products/305b0258-176b-47fc-a6dd-8c25432e9002_polo2.webp','XL',30,37),(223,'Nâu','https://res.cloudinary.com/de8vli4dk/image/upload/v1764058444/my-app/images/products/4813ac28-f719-4d7c-8cb8-2b3915e31548_Polo.webp','S',30,37),(224,'Xám','https://res.cloudinary.com/de8vli4dk/image/upload/v1764058444/my-app/images/products/a09242ba-b0fc-4af0-b650-01b1a0434adb_polo3.webp','M',30,37),(225,'Xanh Navi','https://res.cloudinary.com/de8vli4dk/image/upload/v1764058444/my-app/images/products/83c538e2-cae1-49c1-aa9b-45723bfe4ff1_polo2.webp','XXL',0,37),(226,'Xám','https://res.cloudinary.com/de8vli4dk/image/upload/v1764058444/my-app/images/products/b63f7f19-90c6-4a63-9534-bc251a950dae_polo3.webp','XL',30,37),(227,'Sọc','https://res.cloudinary.com/de8vli4dk/image/upload/v1764058558/my-app/images/products/bae33325-76de-43de-960c-14014fa72a9e_p.webp','M',30,38),(228,'Sọc','https://res.cloudinary.com/de8vli4dk/image/upload/v1764058558/my-app/images/products/b0cf3fda-7250-4152-bae7-4013b3ecab9d_p.webp','S',30,38),(229,'Sọc','https://res.cloudinary.com/de8vli4dk/image/upload/v1764058559/my-app/images/products/d742dde6-0c8c-49f3-a9e2-56f75f27c460_p.webp','XL',3,38),(230,'Sọc','https://res.cloudinary.com/de8vli4dk/image/upload/v1764058559/my-app/images/products/d69c4ad3-7f94-4870-8313-c8d1d0c9e8ce_p.webp','L',30,38),(231,'Đen trắng','https://res.cloudinary.com/de8vli4dk/image/upload/v1764058664/my-app/images/products/f4fa8e08-90a2-493e-ade7-11223e5c45e7_P.webp','M',20,39),(232,'Đen trắng','https://res.cloudinary.com/de8vli4dk/image/upload/v1764058673/my-app/images/products/193326ae-0bca-470b-b52f-3fbcfb807a6a_P.webp','XL',2,39),(233,'Đen trắng','https://res.cloudinary.com/de8vli4dk/image/upload/v1764058673/my-app/images/products/04935250-8771-4f5e-ad7b-7d743591619d_P.webp','S',20,39),(234,'Đen trắng','https://res.cloudinary.com/de8vli4dk/image/upload/v1764058673/my-app/images/products/5cd24437-0858-445d-ae3a-3d84dc7aa99e_P.webp','L',20,39),(235,'Đen','https://res.cloudinary.com/de8vli4dk/image/upload/v1764059210/my-app/images/products/26e6c4a4-0593-4598-a44e-5a9035ebe6ce_t1.jpg','L',20,40),(236,'Xanh nhạt','https://res.cloudinary.com/de8vli4dk/image/upload/v1764059210/my-app/images/products/11b7c5b2-e28d-4ef5-8cb2-ca8c403bff6e_t.jpg','L',20,40),(237,'Đen','https://res.cloudinary.com/de8vli4dk/image/upload/v1764059210/my-app/images/products/0bc5eab9-01e8-47f3-b192-2a2064707791_t1.jpg','XL',20,40),(238,'Xanh nhạt','https://res.cloudinary.com/de8vli4dk/image/upload/v1764059210/my-app/images/products/d3cd7420-cad0-4008-89c6-0bb53af88d7e_t.jpg','XL',19,40),(239,'Trắng','https://res.cloudinary.com/de8vli4dk/image/upload/v1764059323/my-app/images/products/54bac77c-17b2-483e-8222-8c0764fe6657_tt.jpg','L',19,41),(240,'Trắng','https://res.cloudinary.com/de8vli4dk/image/upload/v1764059324/my-app/images/products/bc528275-e36b-44a9-ad4d-7e2847559d7d_tt.jpg','XL',18,41),(241,'Đen','https://res.cloudinary.com/de8vli4dk/image/upload/v1764059324/my-app/images/products/8859a601-f6cd-43af-8f77-3ef416edc56e_tt1.jpg','L',20,41),(242,'Đen','https://res.cloudinary.com/de8vli4dk/image/upload/v1764059324/my-app/images/products/96e13e8e-2886-4a8b-893d-8102554f9a3b_tt1.jpg','XL',2,41),(243,'Trắng','https://res.cloudinary.com/de8vli4dk/image/upload/v1764059471/my-app/images/products/d4800a57-fbef-44d3-ab50-4a9137799d38_thun2.webp','S',20,42),(244,'Trắng','https://res.cloudinary.com/de8vli4dk/image/upload/v1764059471/my-app/images/products/5ca0e9cb-a00d-42fc-9781-75cd920fe1cb_thun2.webp','M',29,42),(245,'Be','https://res.cloudinary.com/de8vli4dk/image/upload/v1764059472/my-app/images/products/e094b37d-8312-4dfe-8975-ee7e429bdbeb_thun3.webp','M',10,42),(246,'Be','https://res.cloudinary.com/de8vli4dk/image/upload/v1764059472/my-app/images/products/a004f696-1098-4210-8964-242c80d81221_thun3.webp','S',9,42),(247,'Đen','https://res.cloudinary.com/de8vli4dk/image/upload/v1764059472/my-app/images/products/ba09463b-6e2d-4d13-91ea-fa54e2935cfc_thun1.webp','M',20,42),(248,'Be','https://res.cloudinary.com/de8vli4dk/image/upload/v1764059471/my-app/images/products/0538163c-85e2-453e-a2cc-f0ea36d9a496_thun3.webp','L',0,42),(249,'Đen','https://res.cloudinary.com/de8vli4dk/image/upload/v1764059472/my-app/images/products/9d32085b-a577-4fe2-b931-b21158fd41c6_thun1.webp','S',20,42),(250,'Trắng','https://res.cloudinary.com/de8vli4dk/image/upload/v1764059735/my-app/images/products/237689bd-1857-4d9d-bf80-130081548fa3_q2.webp','XL',18,43),(251,'Đen','https://res.cloudinary.com/de8vli4dk/image/upload/v1764059735/my-app/images/products/4a75445f-7ae1-4522-9a4b-f8217546ee17_q4.webp','L',20,43),(252,'Be','https://res.cloudinary.com/de8vli4dk/image/upload/v1764059735/my-app/images/products/194b2f4a-5380-4486-8bd6-c45b3f4aaa4e_q3.webp','XL',20,43),(253,'Đen','https://res.cloudinary.com/de8vli4dk/image/upload/v1764059735/my-app/images/products/1aa97897-9eec-4dc2-8245-52927ff51f1b_q4.webp','XL',20,43),(254,'Trắng','https://res.cloudinary.com/de8vli4dk/image/upload/v1764059735/my-app/images/products/1b00de74-442a-490a-8df7-32263615c9aa_q2.webp','L',20,43),(255,'Be','https://res.cloudinary.com/de8vli4dk/image/upload/v1764059735/my-app/images/products/ecee36a3-6688-4ad4-9714-12ca3661c908_q3.webp','L',20,43),(256,'Be','https://res.cloudinary.com/de8vli4dk/image/upload/v1764059854/my-app/images/products/8afa191e-d222-4463-b1b3-e40949327ab9_qq3.jpg','L',16,44),(257,'Đen','https://res.cloudinary.com/de8vli4dk/image/upload/v1764059854/my-app/images/products/44d4df01-b437-43f7-b7be-c4d6611b3525_qq2.jpg','XL',27,44),(258,'Nâu nhạt','https://res.cloudinary.com/de8vli4dk/image/upload/v1764059855/my-app/images/products/b119f162-c354-4ccf-9e5d-d28d6d0cf515_qq4.jpg','XL',19,44),(259,'Nâu nhạt','https://res.cloudinary.com/de8vli4dk/image/upload/v1764059855/my-app/images/products/c1bd6b35-2687-4b0b-b152-57f99483693b_qq4.jpg','L',19,44),(260,'Đen','https://res.cloudinary.com/de8vli4dk/image/upload/v1764060431/my-app/images/products/75e5cd28-b44c-41ea-b10f-c57aa2ae6133_q2.jpg','XL',14,45),(261,'Xám','https://res.cloudinary.com/de8vli4dk/image/upload/v1764060432/my-app/images/products/b515ee27-727e-4245-87d0-5fd3dae51c77_q1.jpg','XL',12,45),(262,'Xám','https://res.cloudinary.com/de8vli4dk/image/upload/v1764060431/my-app/images/products/6237b44f-318d-4251-9f55-a0bdf1b140e9_q1.jpg','L',20,45),(263,'Đen','https://res.cloudinary.com/de8vli4dk/image/upload/v1764060432/my-app/images/products/c5750e06-6bbe-41d3-add8-89629b361445_q2.jpg','L',20,45);
/*!40000 ALTER TABLE `product_variation` ENABLE KEYS */;
UNLOCK TABLES;

--
-- Table structure for table `review`
--

DROP TABLE IF EXISTS `review`;
/*!40101 SET @saved_cs_client     = @@character_set_client */;
/*!50503 SET character_set_client = utf8mb4 */;
CREATE TABLE `review` (
  `id` int NOT NULL AUTO_INCREMENT,
  `comment` text,
  `created_at` datetime(6) DEFAULT NULL,
  `user_id` int DEFAULT NULL,
  PRIMARY KEY (`id`),
  KEY `idx_user_id` (`user_id`),
  KEY `idx_created_at` (`created_at`),
  CONSTRAINT `FK6cpw2nlklblpvc7hyt7ko6v3e` FOREIGN KEY (`user_id`) REFERENCES `users` (`user_id`)
) ENGINE=InnoDB AUTO_INCREMENT=19 DEFAULT CHARSET=utf8mb4 COLLATE=utf8mb4_0900_ai_ci;
/*!40101 SET character_set_client = @saved_cs_client */;

--
-- Dumping data for table `review`
--

LOCK TABLES `review` WRITE;
/*!40000 ALTER TABLE `review` DISABLE KEYS */;
INSERT INTO `review` VALUES (1,'SHOP RẤT TUYỆT VỜI','2025-11-07 18:12:49.399523',2),(7,'Shop xịn tạm oke','2025-11-09 16:20:33.349611',6),(8,'Shop oke nha','2025-11-20 15:30:56.468633',14),(9,'Shop vớ vẩn','2025-11-24 12:13:04.624985',12),(12,'SHOP KHÁ ĐỂU','2025-11-24 12:13:34.295677',12),(13,'Đồ tốt. Shop có mẹo gì không ạ?','2025-11-24 16:58:54.687052',19);
/*!40000 ALTER TABLE `review` ENABLE KEYS */;
UNLOCK TABLES;

--
-- Table structure for table `roles`
--

DROP TABLE IF EXISTS `roles`;
/*!40101 SET @saved_cs_client     = @@character_set_client */;
/*!50503 SET character_set_client = utf8mb4 */;
CREATE TABLE `roles` (
  `name_roles` varchar(255) NOT NULL,
  `descriptions` varchar(255) DEFAULT NULL,
  PRIMARY KEY (`name_roles`)
) ENGINE=InnoDB DEFAULT CHARSET=utf8mb4 COLLATE=utf8mb4_0900_ai_ci;
/*!40101 SET character_set_client = @saved_cs_client */;

--
-- Dumping data for table `roles`
--

LOCK TABLES `roles` WRITE;
/*!40000 ALTER TABLE `roles` DISABLE KEYS */;
INSERT INTO `roles` VALUES ('ADMIN','admin roles'),('USER','User role');
/*!40000 ALTER TABLE `roles` ENABLE KEYS */;
UNLOCK TABLES;

--
-- Table structure for table `roles_permission`
--

DROP TABLE IF EXISTS `roles_permission`;
/*!40101 SET @saved_cs_client     = @@character_set_client */;
/*!50503 SET character_set_client = utf8mb4 */;
CREATE TABLE `roles_permission` (
  `name_roles` varchar(255) NOT NULL,
  `name_permission` varchar(255) NOT NULL,
  PRIMARY KEY (`name_roles`,`name_permission`),
  KEY `FKpimtrm8ad1s8o4pfhuf19bdmo` (`name_permission`),
  CONSTRAINT `FKbw6ntn8dfudfl78y8ujo9vplq` FOREIGN KEY (`name_roles`) REFERENCES `roles` (`name_roles`),
  CONSTRAINT `FKpimtrm8ad1s8o4pfhuf19bdmo` FOREIGN KEY (`name_permission`) REFERENCES `permission` (`name_permission`)
) ENGINE=InnoDB DEFAULT CHARSET=utf8mb4 COLLATE=utf8mb4_0900_ai_ci;
/*!40101 SET character_set_client = @saved_cs_client */;

--
-- Dumping data for table `roles_permission`
--

LOCK TABLES `roles_permission` WRITE;
/*!40000 ALTER TABLE `roles_permission` DISABLE KEYS */;
/*!40000 ALTER TABLE `roles_permission` ENABLE KEYS */;
UNLOCK TABLES;

--
-- Table structure for table `sales`
--

DROP TABLE IF EXISTS `sales`;
/*!40101 SET @saved_cs_client     = @@character_set_client */;
/*!50503 SET character_set_client = utf8mb4 */;
CREATE TABLE `sales` (
  `id` int NOT NULL AUTO_INCREMENT,
  `active` bit(1) NOT NULL,
  `description` varchar(300) NOT NULL,
  `end_date` datetime(6) NOT NULL,
  `name` varchar(100) NOT NULL,
  `st_date` datetime(6) NOT NULL,
  PRIMARY KEY (`id`)
) ENGINE=InnoDB AUTO_INCREMENT=6 DEFAULT CHARSET=utf8mb4 COLLATE=utf8mb4_0900_ai_ci;
/*!40101 SET character_set_client = @saved_cs_client */;

--
-- Dumping data for table `sales`
--

LOCK TABLES `sales` WRITE;
/*!40000 ALTER TABLE `sales` DISABLE KEYS */;
INSERT INTO `sales` VALUES (4,_binary '','Giảm giá sốc với đồ mùa đông, mua ngay','2025-11-30 03:39:00.000000','Giảm giá Mùa đông','2025-11-17 05:40:00.000000'),(5,_binary '','Mặc ấm để yêu thương trọn vẹn hơn, đón Noel an lành và ấm áp từ trong ra ngoài.','2026-12-28 20:00:00.000000','Khuyến mãi Giáng sinh 2026','2026-01-10 20:00:00.000000');
/*!40000 ALTER TABLE `sales` ENABLE KEYS */;
UNLOCK TABLES;

--
-- Table structure for table `user_roles`
--

DROP TABLE IF EXISTS `user_roles`;
/*!40101 SET @saved_cs_client     = @@character_set_client */;
/*!50503 SET character_set_client = utf8mb4 */;
CREATE TABLE `user_roles` (
  `user_id` int NOT NULL,
  `name_roles` varchar(255) NOT NULL,
  PRIMARY KEY (`user_id`,`name_roles`),
  KEY `FKpe53ruu5r4j39fe3a3tj0uvi5` (`name_roles`),
  CONSTRAINT `FKhfh9dx7w3ubf1co1vdev94g3f` FOREIGN KEY (`user_id`) REFERENCES `users` (`user_id`),
  CONSTRAINT `FKpe53ruu5r4j39fe3a3tj0uvi5` FOREIGN KEY (`name_roles`) REFERENCES `roles` (`name_roles`)
) ENGINE=InnoDB DEFAULT CHARSET=utf8mb4 COLLATE=utf8mb4_0900_ai_ci;
/*!40101 SET character_set_client = @saved_cs_client */;

--
-- Dumping data for table `user_roles`
--

LOCK TABLES `user_roles` WRITE;
/*!40000 ALTER TABLE `user_roles` DISABLE KEYS */;
INSERT INTO `user_roles` VALUES (1,'ADMIN'),(9,'USER'),(10,'USER'),(11,'USER'),(12,'USER'),(13,'USER'),(14,'USER'),(16,'USER'),(18,'USER'),(19,'USER'),(20,'USER'),(22,'USER'),(23,'USER');
/*!40000 ALTER TABLE `user_roles` ENABLE KEYS */;
UNLOCK TABLES;

--
-- Table structure for table `users`
--

DROP TABLE IF EXISTS `users`;
/*!40101 SET @saved_cs_client     = @@character_set_client */;
/*!50503 SET character_set_client = utf8mb4 */;
CREATE TABLE `users` (
  `user_id` int NOT NULL AUTO_INCREMENT,
  `avatar` varchar(255) DEFAULT NULL,
  `email` varchar(255) DEFAULT NULL,
  `full_name` varchar(255) DEFAULT NULL,
  `password` varchar(255) DEFAULT NULL,
  `phone_number` varchar(255) DEFAULT NULL,
  `rating` int DEFAULT NULL,
  PRIMARY KEY (`user_id`)
) ENGINE=InnoDB AUTO_INCREMENT=24 DEFAULT CHARSET=utf8mb4 COLLATE=utf8mb4_0900_ai_ci;
/*!40101 SET character_set_client = @saved_cs_client */;

--
-- Dumping data for table `users`
--

LOCK TABLES `users` WRITE;
/*!40000 ALTER TABLE `users` DISABLE KEYS */;
INSERT INTO `users` VALUES (1,'https://res.cloudinary.com/de8vli4dk/image/upload/v1762438970/my-app/images/products/237f136e-395b-41cd-928d-50197fa65c32_C%C3%A2y%20x%C6%B0%C6%A1ng%20r%E1%BB%93ng.png','','admin','$2a$10$C.Kkgl37LTAlqfatsJKpQekMXIWJqYu8z7UhTsFeVegNs/wcgHmXG','09876',4),(2,'https://res.cloudinary.com/de8vli4dk/image/upload/v1762441837/my-app/images/products/4f5ade38-4796-4a1e-a949-aa728e3285ee_%E1%BA%A2nh%20l%C3%BAc%20b%C3%A9.jpg','dungbeo1705@gmail.com','Dung','$2a$10$RqgKBIeVTdFFnUgDMOl2Aeqe.KY/GgtCRhQl8N7ku0VrfQ0E3sldO','0988986999',5),(3,NULL,'tung@g','VinhTung123','$2a$10$UZMQ0I6eygl/eL6/hNLLNOuNkWQhE0JsAccNR.UMoGSkn69m3t.ey','09876',NULL),(4,NULL,'hoa@g','Tuan','$2a$10$6ataMzZ5KCEUmSYL51puV.8G16xbZJzt61XxAEcb/hTJrFpxqZy.S','0979457219',NULL),(5,NULL,'KienNT.B23CN465@stu.ptit.edu.vn','Nguyễn Tự Kiên','$2a$10$RCmrgBijOVnZUSugu9.QQeIBbiLABqwNkiB1AonoBqvc7vlWhlGki','0395376999',NULL),(6,'https://res.cloudinary.com/de8vli4dk/image/upload/v1762672592/my-app/images/products/f82ea357-4ac8-4f23-adeb-3885fb408234_anh_the_LC_1_1.jpg','hoa@g','hoang','$2a$10$g2/RMslZeQyrDjZnH0Pj5O2YW1hhW.fwtR/VCJEtI2ApZXQPh5YrC','0979457219',5),(7,'https://res.cloudinary.com/de8vli4dk/image/upload/v1763344357/my-app/images/products/748a269b-a5f8-461c-b533-2413ffc387de_tkb%20ki%201.png','aaaa@gmail.com','ciiiii','$2a$10$4Rn5No9vWi/Ttju0Mjy77OPJXwVwFDJpsNripU/bY0eVtnEoX7ZZG','0339326999',NULL),(8,'https://res.cloudinary.com/de8vli4dk/image/upload/v1763354836/my-app/images/products/e101f59d-ced4-47d7-978e-784300e0fc8e_bacsi8.jpg','stung6512@gmail.com','Alo hello','$2a$10$u2tvQVVxXDV2hKEIlLKZ9eEj2wuDz71qQliBRHWVoy1Wuitn9NabS','0342707999',NULL),(9,NULL,'hoangculus2.5@gmail.com','Hoàng Nguyễn Văn',NULL,NULL,NULL),(10,NULL,'hoang219.mail@gmail.com','Hoàng Nguyễn',NULL,'',NULL),(11,NULL,'dungbeo1705@gmail.com','đinh việt dũng -AMOOSE',NULL,NULL,NULL),(12,'https://res.cloudinary.com/de8vli4dk/image/upload/v1763749049/my-app/images/products/ed760ec8-d628-4a18-976f-98911ad9e4a3_V%C4%A9nh%20T%C3%B9ng%20say%202.png','vinhtungnguyen2005@gmail.com','Tùng Nguyễn',NULL,'0869769530',5),(13,NULL,'nguyenduy01062005@gmail.com','Duy NPH',NULL,'0987654999',NULL),(14,'https://res.cloudinary.com/de8vli4dk/image/upload/v1763627391/my-app/images/products/247762ee-dc1b-40a6-a6ce-517b18fe5543_459675128_1038610444940251_4524895388789053451_n.jpg','vuanhtuan112ll@gmail.com','B23DCCN894 - Vũ Anh Tuấn',NULL,'',3),(15,NULL,'vtung07072000@gmail.com','Tungg','$2a$10$hZudyGFL0r8y56FU2tejuOFwnHc0TdMn.qTbfF5sqBlnhtBpHhyP6','0869769530',NULL),(16,NULL,'cachuoi0907@gmail.com','Cường Nguyễn',NULL,'083746999',NULL),(17,NULL,'dzang1706@gmail.com','DragGiG','$2a$10$ZdwgL5sOTLkFfA0/uUYJauz81JdWEHe5QpDrG.zCq3gxQh/n.6lL.','0825170999',NULL),(18,NULL,'bluuvn5@gmail.com','Việt Cao',NULL,NULL,NULL),(19,NULL,'nguyenvinhtrung0509@gmail.com','Nguyễn Trung',NULL,'0954438453',5),(20,NULL,'hoangculus2.5.2@gmail.com','Hoàng Nguyễn Văn',NULL,NULL,NULL),(21,'https://res.cloudinary.com/de8vli4dk/image/upload/v1764077107/my-app/images/products/0fd0f0a8-5c13-47d1-a728-a608a325d033_z6539854288264_fdf22064ce31ce239b6d314cd8383045.jpg','tuan@gmail.com','tuan123','$2a$10$DbQL25eBzCyiiXlgvDT8f.N4XjEY0Cp6L5fuTLO83xC0A7iP7G6Ru','0981924923',NULL),(22,NULL,'maip66704@gmail.com','Mai Thị Phượng',NULL,'',NULL),(23,NULL,'deptraihuy33@gmail.com','Huy Huy',NULL,NULL,NULL);
/*!40000 ALTER TABLE `users` ENABLE KEYS */;
UNLOCK TABLES;

--
-- Table structure for table `web_socket_session`
--

DROP TABLE IF EXISTS `web_socket_session`;
/*!40101 SET @saved_cs_client     = @@character_set_client */;
/*!50503 SET character_set_client = utf8mb4 */;
CREATE TABLE `web_socket_session` (
  `id` varchar(255) NOT NULL,
  `created_at` datetime(6) DEFAULT NULL,
  `socket_session_id` varchar(255) DEFAULT NULL,
  `user_id` varchar(255) DEFAULT NULL,
  PRIMARY KEY (`id`)
) ENGINE=InnoDB DEFAULT CHARSET=utf8mb4 COLLATE=utf8mb4_0900_ai_ci;
/*!40101 SET character_set_client = @saved_cs_client */;

--
-- Dumping data for table `web_socket_session`
--

LOCK TABLES `web_socket_session` WRITE;
/*!40000 ALTER TABLE `web_socket_session` DISABLE KEYS */;
/*!40000 ALTER TABLE `web_socket_session` ENABLE KEYS */;
UNLOCK TABLES;
/*!40103 SET TIME_ZONE=@OLD_TIME_ZONE */;

/*!40101 SET SQL_MODE=@OLD_SQL_MODE */;
/*!40014 SET FOREIGN_KEY_CHECKS=@OLD_FOREIGN_KEY_CHECKS */;
/*!40014 SET UNIQUE_CHECKS=@OLD_UNIQUE_CHECKS */;
/*!40101 SET CHARACTER_SET_CLIENT=@OLD_CHARACTER_SET_CLIENT */;
/*!40101 SET CHARACTER_SET_RESULTS=@OLD_CHARACTER_SET_RESULTS */;
/*!40101 SET COLLATION_CONNECTION=@OLD_COLLATION_CONNECTION */;
/*!40111 SET SQL_NOTES=@OLD_SQL_NOTES */;

-- Dump completed on 2026-01-12 23:41:41
